reference,family,marker_gene
Chiou2023_rhesus,Excitatory neuron,ANKS1B
Chiou2023_rhesus,Excitatory neuron,ATP1B1
Chiou2023_rhesus,Excitatory neuron,C10H20ORF194
Chiou2023_rhesus,Excitatory neuron,CADM2
Chiou2023_rhesus,Excitatory neuron,CADPS2
Chiou2023_rhesus,Excitatory neuron,CALM3
Chiou2023_rhesus,Excitatory neuron,CAMK2A
Chiou2023_rhesus,Excitatory neuron,CAMK2N1
Chiou2023_rhesus,Excitatory neuron,CDH12
Chiou2023_rhesus,Excitatory neuron,CKB
Chiou2023_rhesus,Excitatory neuron,CLSTN2
Chiou2023_rhesus,Excitatory neuron,CLU
Chiou2023_rhesus,Excitatory neuron,CNTN5
Chiou2023_rhesus,Excitatory neuron,CNTNAP5
Chiou2023_rhesus,Excitatory neuron,CRTC1
Chiou2023_rhesus,Excitatory neuron,CSMD1
Chiou2023_rhesus,Excitatory neuron,CSMD3
Chiou2023_rhesus,Excitatory neuron,CUX2
Chiou2023_rhesus,Excitatory neuron,CYP46A1
Chiou2023_rhesus,Excitatory neuron,DCC
Chiou2023_rhesus,Excitatory neuron,DLG2
Chiou2023_rhesus,Excitatory neuron,DPP10
Chiou2023_rhesus,Excitatory neuron,ECHDC1
Chiou2023_rhesus,Excitatory neuron,EIF4G3
Chiou2023_rhesus,Excitatory neuron,ENC1
Chiou2023_rhesus,Excitatory neuron,ENSMMUG00000000983
Chiou2023_rhesus,Excitatory neuron,ENSMMUG00000010266
Chiou2023_rhesus,Excitatory neuron,ENSMMUG00000017966
Chiou2023_rhesus,Excitatory neuron,ENSMMUG00000052127
Chiou2023_rhesus,Excitatory neuron,ENSMMUG00000054358
Chiou2023_rhesus,Excitatory neuron,ENSMMUG00000058478
Chiou2023_rhesus,Excitatory neuron,ENSMMUG00000060287
Chiou2023_rhesus,Excitatory neuron,ENSMMUG00000062077
Chiou2023_rhesus,Excitatory neuron,EPHA6
Chiou2023_rhesus,Excitatory neuron,FAM155A
Chiou2023_rhesus,Excitatory neuron,FAM81A
Chiou2023_rhesus,Excitatory neuron,FOXK2
Chiou2023_rhesus,Excitatory neuron,FSTL4
Chiou2023_rhesus,Excitatory neuron,GABRB3
Chiou2023_rhesus,Excitatory neuron,GALNTL6
Chiou2023_rhesus,Excitatory neuron,GFAP
Chiou2023_rhesus,Excitatory neuron,GPC5
Chiou2023_rhesus,Excitatory neuron,GPHN
Chiou2023_rhesus,Excitatory neuron,GRID2
Chiou2023_rhesus,Excitatory neuron,HS3ST4
Chiou2023_rhesus,Excitatory neuron,HS6ST3
Chiou2023_rhesus,Excitatory neuron,HSP90AA1
Chiou2023_rhesus,Excitatory neuron,KCNIP4
Chiou2023_rhesus,Excitatory neuron,KCNQ5
Chiou2023_rhesus,Excitatory neuron,KIAA1217
Chiou2023_rhesus,Excitatory neuron,KIF1A
Chiou2023_rhesus,Excitatory neuron,LRP1B
Chiou2023_rhesus,Excitatory neuron,MAP1A
Chiou2023_rhesus,Excitatory neuron,MAP1B
Chiou2023_rhesus,Excitatory neuron,MDGA2
Chiou2023_rhesus,Excitatory neuron,MLIP
Chiou2023_rhesus,Excitatory neuron,NEDD4L
Chiou2023_rhesus,Excitatory neuron,NRGN
Chiou2023_rhesus,Excitatory neuron,NRXN3
Chiou2023_rhesus,Excitatory neuron,NSD2
Chiou2023_rhesus,Excitatory neuron,NTM
Chiou2023_rhesus,Excitatory neuron,OLFM1
Chiou2023_rhesus,Excitatory neuron,PCDH9
Chiou2023_rhesus,Excitatory neuron,PDE1A
Chiou2023_rhesus,Excitatory neuron,POU6F2
Chiou2023_rhesus,Excitatory neuron,PPFIA2
Chiou2023_rhesus,Excitatory neuron,PPM1E
Chiou2023_rhesus,Excitatory neuron,PPP3CA
Chiou2023_rhesus,Excitatory neuron,PPP6R1
Chiou2023_rhesus,Excitatory neuron,PRKG1
Chiou2023_rhesus,Excitatory neuron,PTPRK
Chiou2023_rhesus,Excitatory neuron,PTPRT
Chiou2023_rhesus,Excitatory neuron,RBFOX1
Chiou2023_rhesus,Excitatory neuron,ROBO2
Chiou2023_rhesus,Excitatory neuron,SCHIP1
Chiou2023_rhesus,Excitatory neuron,SERINC1
Chiou2023_rhesus,Excitatory neuron,SGCZ
Chiou2023_rhesus,Excitatory neuron,SPARC
Chiou2023_rhesus,Excitatory neuron,SSBP4
Chiou2023_rhesus,Excitatory neuron,SYN3
Chiou2023_rhesus,Excitatory neuron,TAF13
Chiou2023_rhesus,Excitatory neuron,TIAM1
Chiou2023_rhesus,Excitatory neuron,TJP1
Chiou2023_rhesus,Excitatory neuron,TMEM132D
Chiou2023_rhesus,Excitatory neuron,TOX
Chiou2023_rhesus,Excitatory neuron,TYRO3
Chiou2023_rhesus,Excitatory neuron,USP47
Chiou2023_rhesus,Inhibitory neuron,ADAM12
Chiou2023_rhesus,Inhibitory neuron,ADARB2
Chiou2023_rhesus,Inhibitory neuron,ALG8
Chiou2023_rhesus,Inhibitory neuron,ALMS1
Chiou2023_rhesus,Inhibitory neuron,ATP8B2
Chiou2023_rhesus,Inhibitory neuron,BTBD11
Chiou2023_rhesus,Inhibitory neuron,BTN2A2
Chiou2023_rhesus,Inhibitory neuron,CA12
Chiou2023_rhesus,Inhibitory neuron,CACNA2D3
Chiou2023_rhesus,Inhibitory neuron,CALN1
Chiou2023_rhesus,Inhibitory neuron,CCDC88C
Chiou2023_rhesus,Inhibitory neuron,CDH13
Chiou2023_rhesus,Inhibitory neuron,CDH18
Chiou2023_rhesus,Inhibitory neuron,CERT1
Chiou2023_rhesus,Inhibitory neuron,CNTNAP2
Chiou2023_rhesus,Inhibitory neuron,CTNNA2
Chiou2023_rhesus,Inhibitory neuron,DACH1
Chiou2023_rhesus,Inhibitory neuron,DGKB
Chiou2023_rhesus,Inhibitory neuron,DPP10
Chiou2023_rhesus,Inhibitory neuron,DRD2
Chiou2023_rhesus,Inhibitory neuron,DUSP10
Chiou2023_rhesus,Inhibitory neuron,ENSMMUG00000009038
Chiou2023_rhesus,Inhibitory neuron,ENSMMUG00000017113
Chiou2023_rhesus,Inhibitory neuron,ENSMMUG00000052127
Chiou2023_rhesus,Inhibitory neuron,ENSMMUG00000054358
Chiou2023_rhesus,Inhibitory neuron,ERBB4
Chiou2023_rhesus,Inhibitory neuron,ESRRG
Chiou2023_rhesus,Inhibitory neuron,FAM155A
Chiou2023_rhesus,Inhibitory neuron,GABRG3
Chiou2023_rhesus,Inhibitory neuron,GALNTL6
Chiou2023_rhesus,Inhibitory neuron,GPC6
Chiou2023_rhesus,Inhibitory neuron,GPRIN3
Chiou2023_rhesus,Inhibitory neuron,GRIK1
Chiou2023_rhesus,Inhibitory neuron,GRIN2A
Chiou2023_rhesus,Inhibitory neuron,HOMER3
Chiou2023_rhesus,Inhibitory neuron,INPP4B
Chiou2023_rhesus,Inhibitory neuron,IRAK1BP1
Chiou2023_rhesus,Inhibitory neuron,KANSL1
Chiou2023_rhesus,Inhibitory neuron,KCNIP4
Chiou2023_rhesus,Inhibitory neuron,KCNQ5
Chiou2023_rhesus,Inhibitory neuron,KIAA1217
Chiou2023_rhesus,Inhibitory neuron,KIF26B
Chiou2023_rhesus,Inhibitory neuron,KIRREL3
Chiou2023_rhesus,Inhibitory neuron,KIT
Chiou2023_rhesus,Inhibitory neuron,LARS2
Chiou2023_rhesus,Inhibitory neuron,LHX6
Chiou2023_rhesus,Inhibitory neuron,LRP1B
Chiou2023_rhesus,Inhibitory neuron,MEGF10
Chiou2023_rhesus,Inhibitory neuron,NCAM2
Chiou2023_rhesus,Inhibitory neuron,NELL1
Chiou2023_rhesus,Inhibitory neuron,NKAIN2
Chiou2023_rhesus,Inhibitory neuron,NOS1
Chiou2023_rhesus,Inhibitory neuron,NPAS3
Chiou2023_rhesus,Inhibitory neuron,NRG3
Chiou2023_rhesus,Inhibitory neuron,NXPH1
Chiou2023_rhesus,Inhibitory neuron,PCP4
Chiou2023_rhesus,Inhibitory neuron,PDE1A
Chiou2023_rhesus,Inhibitory neuron,PIK3R5
Chiou2023_rhesus,Inhibitory neuron,PLEKHD1
Chiou2023_rhesus,Inhibitory neuron,PNPLA6
Chiou2023_rhesus,Inhibitory neuron,PPP1R1B
Chiou2023_rhesus,Inhibitory neuron,PPP3CA
Chiou2023_rhesus,Inhibitory neuron,PRKCH
Chiou2023_rhesus,Inhibitory neuron,PTPRT
Chiou2023_rhesus,Inhibitory neuron,RAB3C
Chiou2023_rhesus,Inhibitory neuron,RALYL
Chiou2023_rhesus,Inhibitory neuron,RBFOX1
Chiou2023_rhesus,Inhibitory neuron,RBMS3
Chiou2023_rhesus,Inhibitory neuron,RELN
Chiou2023_rhesus,Inhibitory neuron,RGS12
Chiou2023_rhesus,Inhibitory neuron,RNF220
Chiou2023_rhesus,Inhibitory neuron,RPTOR
Chiou2023_rhesus,Inhibitory neuron,SCAF4
Chiou2023_rhesus,Inhibitory neuron,SENP5
Chiou2023_rhesus,Inhibitory neuron,SGCZ
Chiou2023_rhesus,Inhibitory neuron,SHISA9
Chiou2023_rhesus,Inhibitory neuron,SLC24A3
Chiou2023_rhesus,Inhibitory neuron,SLC4A5
Chiou2023_rhesus,Inhibitory neuron,SMOC2
Chiou2023_rhesus,Inhibitory neuron,SNX32
Chiou2023_rhesus,Inhibitory neuron,SORBS1
Chiou2023_rhesus,Inhibitory neuron,SOX6
Chiou2023_rhesus,Inhibitory neuron,SYNPR
Chiou2023_rhesus,Inhibitory neuron,SYT12
Chiou2023_rhesus,Inhibitory neuron,TMEM132D
Chiou2023_rhesus,Inhibitory neuron,TYK2
Chiou2023_rhesus,Inhibitory neuron,VWC2
Chiou2023_rhesus,Inhibitory neuron,ZFAND3
Chiou2023_rhesus,Inhibitory neuron,ZNF33A
Chiou2023_rhesus,Inhibitory neuron,ZNF385C
Chiou2023_rhesus,Inhibitory neuron,ZNF385D
Chiou2023_rhesus,Inhibitory neuron,ZNF804A
Chiou2023_rhesus,Astrocyte,ADGRV1
Chiou2023_rhesus,Astrocyte,AKR1B1
Chiou2023_rhesus,Astrocyte,ALDH1A1
Chiou2023_rhesus,Astrocyte,CADM1
Chiou2023_rhesus,Astrocyte,CSMD1
Chiou2023_rhesus,Astrocyte,CTNNA2
Chiou2023_rhesus,Astrocyte,DCLK2
Chiou2023_rhesus,Astrocyte,DLG2
Chiou2023_rhesus,Astrocyte,DPP10
Chiou2023_rhesus,Astrocyte,ENSMMUG00000041273
Chiou2023_rhesus,Astrocyte,ENSMMUG00000052127
Chiou2023_rhesus,Astrocyte,ETNPPL
Chiou2023_rhesus,Astrocyte,GFAP
Chiou2023_rhesus,Astrocyte,GLI3
Chiou2023_rhesus,Astrocyte,GPC5
Chiou2023_rhesus,Astrocyte,GRAMD2B
Chiou2023_rhesus,Astrocyte,ITGB4
Chiou2023_rhesus,Astrocyte,ITPRID1
Chiou2023_rhesus,Astrocyte,KCNIP4
Chiou2023_rhesus,Astrocyte,LUZP2
Chiou2023_rhesus,Astrocyte,NRXN3
Chiou2023_rhesus,Astrocyte,OLFM2
Chiou2023_rhesus,Astrocyte,PAMR1
Chiou2023_rhesus,Astrocyte,PDZRN4
Chiou2023_rhesus,Astrocyte,RBFOX1
Chiou2023_rhesus,Astrocyte,RFX4
Chiou2023_rhesus,Astrocyte,SAMD4A
Chiou2023_rhesus,Astrocyte,SLC1A2
Chiou2023_rhesus,Astrocyte,TRPM3
Chiou2023_rhesus,Astrocyte,ZNRF3
Chiou2023_rhesus,Oligodendrocyte,ADGRL3
Chiou2023_rhesus,Oligodendrocyte,BPTF
Chiou2023_rhesus,Oligodendrocyte,C9H10ORF90
Chiou2023_rhesus,Oligodendrocyte,CADM2
Chiou2023_rhesus,Oligodendrocyte,CDK18
Chiou2023_rhesus,Oligodendrocyte,CNDP1
Chiou2023_rhesus,Oligodendrocyte,CPM
Chiou2023_rhesus,Oligodendrocyte,CSMD1
Chiou2023_rhesus,Oligodendrocyte,DIXDC1
Chiou2023_rhesus,Oligodendrocyte,ERBB4
Chiou2023_rhesus,Oligodendrocyte,FOXN2
Chiou2023_rhesus,Oligodendrocyte,GNG7
Chiou2023_rhesus,Oligodendrocyte,GSN
Chiou2023_rhesus,Oligodendrocyte,HAPLN2
Chiou2023_rhesus,Oligodendrocyte,KCNIP4
Chiou2023_rhesus,Oligodendrocyte,KIRREL3
Chiou2023_rhesus,Oligodendrocyte,LRP1B
Chiou2023_rhesus,Oligodendrocyte,MBP
Chiou2023_rhesus,Oligodendrocyte,MYRF
Chiou2023_rhesus,Oligodendrocyte,NR2C1
Chiou2023_rhesus,Oligodendrocyte,PALM2AKAP2
Chiou2023_rhesus,Oligodendrocyte,PCDH9
Chiou2023_rhesus,Oligodendrocyte,PHYHIPL
Chiou2023_rhesus,Oligodendrocyte,PICK1
Chiou2023_rhesus,Oligodendrocyte,PPP2R2B
Chiou2023_rhesus,Oligodendrocyte,RBFOX1
Chiou2023_rhesus,Oligodendrocyte,RNF220
Chiou2023_rhesus,Oligodendrocyte,SLC5A11
Chiou2023_rhesus,Oligodendrocyte,TF
Chiou2023_rhesus,Oligodendrocyte,THSD7A
Chiou2023_rhesus,Oligodendrocyte,TMC6
Chiou2023_rhesus,Oligodendrocyte,USP47
Chiou2023_rhesus,OPC,C1QL1
Chiou2023_rhesus,OPC,COL9A1
Chiou2023_rhesus,OPC,LHFPL3
Chiou2023_rhesus,OPC,NTN1
Chiou2023_rhesus,OPC,PCDH15
Chiou2023_rhesus,OPC,PTPRZ1
Chiou2023_rhesus,OPC,SLC22A3
Chiou2023_rhesus,OPC,STK32A
Chiou2023_rhesus,OPC,SUSD5
Chiou2023_rhesus,OPC,VCAN
Chiou2023_rhesus,Microglia,APBB1IP
Chiou2023_rhesus,Microglia,ARHGAP15
Chiou2023_rhesus,Microglia,ASTN2
Chiou2023_rhesus,Microglia,BIN2
Chiou2023_rhesus,Microglia,C3
Chiou2023_rhesus,Microglia,CMAH
Chiou2023_rhesus,Microglia,COLEC12
Chiou2023_rhesus,Microglia,DAB2
Chiou2023_rhesus,Microglia,DOCK2
Chiou2023_rhesus,Microglia,ENSMMUG00000031100
Chiou2023_rhesus,Microglia,ENTPD1
Chiou2023_rhesus,Microglia,F13A1
Chiou2023_rhesus,Microglia,FES
Chiou2023_rhesus,Microglia,GAB2
Chiou2023_rhesus,Microglia,IL18
Chiou2023_rhesus,Microglia,KIR3DL12
Chiou2023_rhesus,Microglia,LRMDA
Chiou2023_rhesus,Microglia,MRC1
Chiou2023_rhesus,Microglia,RBPJ
Chiou2023_rhesus,Microglia,RHOJ
Chiou2023_rhesus,Microglia,SFMBT2
Chiou2023_rhesus,Microglia,SLC2A5
Chiou2023_rhesus,Microglia,SORT1
Chiou2023_rhesus,Microglia,SRGN
Chiou2023_rhesus,Microglia,ST6GALNAC3
Chiou2023_rhesus,Microglia,STAB1
Chiou2023_rhesus,Microglia,THADA
Chiou2023_rhesus,Microglia,VWF
Chiou2023_rhesus,Vascular,ABCG2
Chiou2023_rhesus,Vascular,ACTA2
Chiou2023_rhesus,Vascular,ARL15
Chiou2023_rhesus,Vascular,ATP10A
Chiou2023_rhesus,Vascular,CEMIP
Chiou2023_rhesus,Vascular,CFH
Chiou2023_rhesus,Vascular,CNTN5
Chiou2023_rhesus,Vascular,DCN
Chiou2023_rhesus,Vascular,DLC1
Chiou2023_rhesus,Vascular,EMCN
Chiou2023_rhesus,Vascular,ENSMMUG00000051265
Chiou2023_rhesus,Vascular,FLT1
Chiou2023_rhesus,Vascular,GPM6A
Chiou2023_rhesus,Vascular,GRM7
Chiou2023_rhesus,Vascular,GRM8
Chiou2023_rhesus,Vascular,IGF2
Chiou2023_rhesus,Vascular,KCNIP4
Chiou2023_rhesus,Vascular,LEF1
Chiou2023_rhesus,Vascular,MYH11
Chiou2023_rhesus,Vascular,PCDH9
Chiou2023_rhesus,Vascular,PTGDS
Chiou2023_rhesus,Vascular,RAP1A
Chiou2023_rhesus,Vascular,RBFOX1
Chiou2023_rhesus,Vascular,RERGL
Chiou2023_rhesus,Vascular,SLC47A1
Chiou2023_rhesus,Vascular,SLC4A4
Chiou2023_rhesus,Vascular,SLC6A12
Chiou2023_rhesus,Vascular,SLCO1B3
Chiou2023_rhesus,Vascular,TAGLN
Chiou2023_rhesus,Vascular,TBC1D4
Chiou2023_rhesus,Vascular,TRPM3
Chiou2023_rhesus,Vascular,TSPAN5
Chiou2023_rhesus,Vascular,ZNF638
