sample_id,monkey_id,truth,pred_top1,pred_top2,pred_top3,hit1,hit3,route,route_family
19R348,2,7m,V3v,TEO,V2,0,0,top3_beam_local_top50_top100_zfusion_w0p25,hybrid_projected_network_logcpm_exact
19R349,2,VIP,V3d,FST,V3v,0,0,top3_beam_local_top50_top100_zfusion_w0p25,hybrid_projected_network_logcpm_exact
19R350,2,V4v,5,7m,7op,0,0,top3_beam_local_top50_top100_zfusion_w0p25,hybrid_projected_network_logcpm_exact
19R356,2,13b,12r,12l,12m,0,0,top3_beam_local_top50_top100_zfusion_w0p25,hybrid_projected_network_logcpm_exact
19R357,2,11l,12r,46v,46d,0,0,top3_beam_local_top50_top100_zfusion_w0p25,hybrid_projected_network_logcpm_exact
19R358,2,14r,11m,12o,13m,0,0,top3_beam_local_top50_top100_zfusion_w0p25,hybrid_projected_network_logcpm_exact
19R359,2,10m,11m,13m,13b,0,0,top3_beam_local_top50_top100_zfusion_w0p25,hybrid_projected_network_logcpm_exact
19R361,2,F3,8Bd,F6,44,0,0,top3_beam_local_top50_top100_zfusion_w0p25,hybrid_projected_network_logcpm_exact
19R369,2,F1,3a/b,F1,5,0,1,top3_beam_local_top50_top100_zfusion_w0p25,hybrid_projected_network_logcpm_exact
19R372,2,1-2,5,F1,LIPv,0,0,top3_beam_local_top50_top100_zfusion_w0p25,hybrid_projected_network_logcpm_exact
19R376,2,AL,13b,12o,RTL,0,0,top3_beam_local_top50_top100_zfusion_w0p25,hybrid_projected_network_logcpm_exact
19R378,2,pu,pu,Cd,NAcc,1,1,top3_beam_local_top50_top100_zfusion_w0p25,hybrid_projected_network_logcpm_exact
19R352,2,Amy,Tha,GP,Cla,0,0,top3_beam_local_top50_top100_zfusion_w0p25,hybrid_projected_network_logcpm_exact
19R364,2,G,Iapl,Id,Pi,0,0,top3_beam_local_top50_top100_zfusion_w0p25,hybrid_projected_network_logcpm_exact
19R368,2,3a/b,3a/b,A1,CL,1,1,top3_beam_local_top50_top100_zfusion_w0p25,hybrid_projected_network_logcpm_exact
19R371,2,V3v,V2,V1,V3v,0,1,top3_beam_local_top50_top100_zfusion_w0p25,hybrid_projected_network_logcpm_exact
19R627,34,10m,9m,11m,10m,0,1,top3_beam_local_top50_top100_zfusion_w0p25,hybrid_projected_network_logcpm_exact
19R628,34,46d,12r,46v,46d,0,1,top3_beam_local_top50_top100_zfusion_w0p25,hybrid_projected_network_logcpm_exact
19R629,34,46v,10o,13m,9m,0,0,top3_beam_local_top50_top100_zfusion_w0p25,hybrid_projected_network_logcpm_exact
19R630,34,12r,10o,13m,11m,0,0,top3_beam_local_top50_top100_zfusion_w0p25,hybrid_projected_network_logcpm_exact
19R631,34,11l,10o,13m,11m,0,0,top3_beam_local_top50_top100_zfusion_w0p25,hybrid_projected_network_logcpm_exact
19R632,34,10o,11m,10m,13b,0,0,top3_beam_local_top50_top100_zfusion_w0p25,hybrid_projected_network_logcpm_exact
19R633,34,9m,12l,F6,12r,0,0,top3_beam_local_top50_top100_zfusion_w0p25,hybrid_projected_network_logcpm_exact
19R634,34,9d,12l,12r,F5,0,0,top3_beam_local_top50_top100_zfusion_w0p25,hybrid_projected_network_logcpm_exact
19R635,34,12l,10o,11m,13m,0,0,top3_beam_local_top50_top100_zfusion_w0p25,hybrid_projected_network_logcpm_exact
19R636,34,12m,13m,10o,11m,0,0,top3_beam_local_top50_top100_zfusion_w0p25,hybrid_projected_network_logcpm_exact
19R637,34,13b,10m,11m,13b,0,1,top3_beam_local_top50_top100_zfusion_w0p25,hybrid_projected_network_logcpm_exact
19R638,34,14r,14r,10m,11m,1,1,top3_beam_local_top50_top100_zfusion_w0p25,hybrid_projected_network_logcpm_exact
19R639,34,32,12o,10m,13b,0,0,top3_beam_local_top50_top100_zfusion_w0p25,hybrid_projected_network_logcpm_exact
19R640,34,8Bm,F6,12l,9d,0,0,top3_beam_local_top50_top100_zfusion_w0p25,hybrid_projected_network_logcpm_exact
19R641,34,8Bd,12l,F5,12r,0,0,top3_beam_local_top50_top100_zfusion_w0p25,hybrid_projected_network_logcpm_exact
19R642,34,45,12r,12l,12m,0,0,top3_beam_local_top50_top100_zfusion_w0p25,hybrid_projected_network_logcpm_exact
19R643,34,24b,32,24b',14c,0,0,top3_beam_local_top50_top100_zfusion_w0p25,hybrid_projected_network_logcpm_exact
19R644,34,24c,32,25,Ial,0,0,top3_beam_local_top50_top100_zfusion_w0p25,hybrid_projected_network_logcpm_exact
19R645,34,F6,F3,8Bd,F6,0,1,top3_beam_local_top50_top100_zfusion_w0p25,hybrid_projected_network_logcpm_exact
19R646,34,F7,8Bd,44,F3,0,0,top3_beam_local_top50_top100_zfusion_w0p25,hybrid_projected_network_logcpm_exact
19R647,34,8Bs,F2,44,F4,0,0,top3_beam_local_top50_top100_zfusion_w0p25,hybrid_projected_network_logcpm_exact
19R648,34,8A,45,8A,F4,0,1,top3_beam_local_top50_top100_zfusion_w0p25,hybrid_projected_network_logcpm_exact
19R649,34,12o,12o,32,13b,1,1,top3_beam_local_top50_top100_zfusion_w0p25,hybrid_projected_network_logcpm_exact
19R650,34,14c,32,13a,14c,0,1,top3_beam_local_top50_top100_zfusion_w0p25,hybrid_projected_network_logcpm_exact
19R651,34,F3,F3,F4,F1,1,1,top3_beam_local_top50_top100_zfusion_w0p25,hybrid_projected_network_logcpm_exact
19R652,34,F2,F1,F2,F4,0,1,top3_beam_local_top50_top100_zfusion_w0p25,hybrid_projected_network_logcpm_exact
19R653,34,F4,44,45,8Bd,0,0,top3_beam_local_top50_top100_zfusion_w0p25,hybrid_projected_network_logcpm_exact
19R654,34,3a/b,PrCO,Ig,G,0,0,top3_beam_local_top50_top100_zfusion_w0p25,hybrid_projected_network_logcpm_exact
19R655,34,1-2,12o,10m,PrCO,0,0,top3_beam_local_top50_top100_zfusion_w0p25,hybrid_projected_network_logcpm_exact
19R656,34,STG,RT,RTM,Id,0,0,top3_beam_local_top50_top100_zfusion_w0p25,hybrid_projected_network_logcpm_exact
19R657,34,pu,pu,Cd,NAcc,1,1,top3_beam_local_top50_top100_zfusion_w0p25,hybrid_projected_network_logcpm_exact
19R658,34,Cd,NAcc,Cd,Cla,0,1,top3_beam_local_top50_top100_zfusion_w0p25,hybrid_projected_network_logcpm_exact
19R659,34,SII,R,AL,STG,0,0,top3_beam_local_top50_top100_zfusion_w0p25,hybrid_projected_network_logcpm_exact
19R660,34,RM,1-2,AL,IPa,0,0,top3_beam_local_top50_top100_zfusion_w0p25,hybrid_projected_network_logcpm_exact
19R661,34,R,AL,SII,R,0,1,top3_beam_local_top50_top100_zfusion_w0p25,hybrid_projected_network_logcpm_exact
19R662,34,TEav,F1,F2,44,0,0,top3_beam_local_top50_top100_zfusion_w0p25,hybrid_projected_network_logcpm_exact
19R663,34,5,3a/b,LIPv,VIP,0,0,top3_beam_local_top50_top100_zfusion_w0p25,hybrid_projected_network_logcpm_exact
19R664,34,7b,1-2,7b,7op,0,1,top3_beam_local_top50_top100_zfusion_w0p25,hybrid_projected_network_logcpm_exact
19R665,34,7op,ML,7b,7op,0,1,top3_beam_local_top50_top100_zfusion_w0p25,hybrid_projected_network_logcpm_exact
19R666,34,A1,ML,7op,7b,0,0,top3_beam_local_top50_top100_zfusion_w0p25,hybrid_projected_network_logcpm_exact
19R667,34,ML,7b,7op,ML,0,1,top3_beam_local_top50_top100_zfusion_w0p25,hybrid_projected_network_logcpm_exact
19R668,34,STG,AL,R,TEm,0,0,top3_beam_local_top50_top100_zfusion_w0p25,hybrid_projected_network_logcpm_exact
19R669,34,TEpd,TEm,TEpv,TEpd,0,1,top3_beam_local_top50_top100_zfusion_w0p25,hybrid_projected_network_logcpm_exact
19R670,34,TEpv,TEpv,TEav,TEad,1,1,top3_beam_local_top50_top100_zfusion_w0p25,hybrid_projected_network_logcpm_exact
19R671,34,VIP,VIP,LIPv,5,1,1,top3_beam_local_top50_top100_zfusion_w0p25,hybrid_projected_network_logcpm_exact
19R672,34,Tpt,7op,Tpt,TPO,0,1,top3_beam_local_top50_top100_zfusion_w0p25,hybrid_projected_network_logcpm_exact
19R673,34,TEO,TEpd,V4v,TPO,0,0,top3_beam_local_top50_top100_zfusion_w0p25,hybrid_projected_network_logcpm_exact
19R674,34,V4,TEpd,Tpt,V4v,0,0,top3_beam_local_top50_top100_zfusion_w0p25,hybrid_projected_network_logcpm_exact
19R675,34,TPO,IPa,7op,Tpt,0,0,top3_beam_local_top50_top100_zfusion_w0p25,hybrid_projected_network_logcpm_exact
19R676,34,TFO,TEav,STG,RM,0,0,top3_beam_local_top50_top100_zfusion_w0p25,hybrid_projected_network_logcpm_exact
19R677,34,7m,7b,7op,Tpt,0,0,top3_beam_local_top50_top100_zfusion_w0p25,hybrid_projected_network_logcpm_exact
19R678,34,V3v,V4,TEO,V3v,0,1,top3_beam_local_top50_top100_zfusion_w0p25,hybrid_projected_network_logcpm_exact
19R679,34,V4v,7op,TPO,IPa,0,0,top3_beam_local_top50_top100_zfusion_w0p25,hybrid_projected_network_logcpm_exact
19R680,34,V3d,TEO,V4,7m,0,0,top3_beam_local_top50_top100_zfusion_w0p25,hybrid_projected_network_logcpm_exact
19R722,34,V1,V2,V3v,7m,0,0,top3_beam_local_top50_top100_zfusion_w0p25,hybrid_projected_network_logcpm_exact
19R723,34,V2,V1,V2,V3v,0,1,top3_beam_local_top50_top100_zfusion_w0p25,hybrid_projected_network_logcpm_exact
19R724,34,10m,10m,14r,12m,1,1,top3_beam_local_top50_top100_zfusion_w0p25,hybrid_projected_network_logcpm_exact
19R725,34,46d,12r,46v,46d,0,1,top3_beam_local_top50_top100_zfusion_w0p25,hybrid_projected_network_logcpm_exact
19R726,34,46v,12r,46d,46v,0,1,top3_beam_local_top50_top100_zfusion_w0p25,hybrid_projected_network_logcpm_exact
19R727,34,12r,10o,12m,12r,0,1,top3_beam_local_top50_top100_zfusion_w0p25,hybrid_projected_network_logcpm_exact
19R728,34,11l,46v,46d,12m,0,0,top3_beam_local_top50_top100_zfusion_w0p25,hybrid_projected_network_logcpm_exact
19R729,34,10o,10m,11m,12m,0,0,top3_beam_local_top50_top100_zfusion_w0p25,hybrid_projected_network_logcpm_exact
19R730,34,9m,12l,9m,8Bm,0,1,top3_beam_local_top50_top100_zfusion_w0p25,hybrid_projected_network_logcpm_exact
19R731,34,9d,8Bm,12l,9d,0,1,top3_beam_local_top50_top100_zfusion_w0p25,hybrid_projected_network_logcpm_exact
19R732,34,14r,14r,10m,11m,1,1,top3_beam_local_top50_top100_zfusion_w0p25,hybrid_projected_network_logcpm_exact
19R733,34,13b,10m,14r,11m,0,0,top3_beam_local_top50_top100_zfusion_w0p25,hybrid_projected_network_logcpm_exact
19R734,34,13m,10m,11m,14r,0,0,top3_beam_local_top50_top100_zfusion_w0p25,hybrid_projected_network_logcpm_exact
19R735,34,13l,12m,13l,13m,0,1,top3_beam_local_top50_top100_zfusion_w0p25,hybrid_projected_network_logcpm_exact
19R736,34,12o,12l,12r,12m,0,0,top3_beam_local_top50_top100_zfusion_w0p25,hybrid_projected_network_logcpm_exact
19R737,34,12l,12l,12r,12m,1,1,top3_beam_local_top50_top100_zfusion_w0p25,hybrid_projected_network_logcpm_exact
19R739,34,F3,F3,44,8Bd,1,1,top3_beam_local_top50_top100_zfusion_w0p25,hybrid_projected_network_logcpm_exact
19R740,34,F2,F2,F1,44,1,1,top3_beam_local_top50_top100_zfusion_w0p25,hybrid_projected_network_logcpm_exact
19R741,34,8Bs,F2,44,F4,0,0,top3_beam_local_top50_top100_zfusion_w0p25,hybrid_projected_network_logcpm_exact
19R742,34,8A,F2,8Bs,F1,0,0,top3_beam_local_top50_top100_zfusion_w0p25,hybrid_projected_network_logcpm_exact
19R743,34,44,8Bm,F5,12l,0,0,top3_beam_local_top50_top100_zfusion_w0p25,hybrid_projected_network_logcpm_exact
19R738,34,45,12m,12r,46v,0,0,top3_beam_local_top50_top100_zfusion_w0p25,hybrid_projected_network_logcpm_exact
19R746,34,1-2,TAa,AL,TEm,0,0,top3_beam_local_top50_top100_zfusion_w0p25,hybrid_projected_network_logcpm_exact
19R747,34,3a/b,ML,1-2,Tpt,0,0,top3_beam_local_top50_top100_zfusion_w0p25,hybrid_projected_network_logcpm_exact
19R748,34,SII,R,AL,TEm,0,0,top3_beam_local_top50_top100_zfusion_w0p25,hybrid_projected_network_logcpm_exact
19R749,34,AL,Ig,STG,G,0,0,top3_beam_local_top50_top100_zfusion_w0p25,hybrid_projected_network_logcpm_exact
19R750,34,STG,RTL,STG,TF,0,1,top3_beam_local_top50_top100_zfusion_w0p25,hybrid_projected_network_logcpm_exact
19R751,34,7b,SII,IPa,AL,0,0,top3_beam_local_top50_top100_zfusion_w0p25,hybrid_projected_network_logcpm_exact
19R752,34,7op,Tpt,7op,ML,0,1,top3_beam_local_top50_top100_zfusion_w0p25,hybrid_projected_network_logcpm_exact
19R753,34,A1,A1,3a/b,CM,1,1,top3_beam_local_top50_top100_zfusion_w0p25,hybrid_projected_network_logcpm_exact
19R754,34,CL,CL,CM,A1,1,1,top3_beam_local_top50_top100_zfusion_w0p25,hybrid_projected_network_logcpm_exact
19R755,34,TEpd,TEpv,TEm,TEad,0,0,top3_beam_local_top50_top100_zfusion_w0p25,hybrid_projected_network_logcpm_exact
19R756,34,TEpv,TEav,TF,STG,0,0,top3_beam_local_top50_top100_zfusion_w0p25,hybrid_projected_network_logcpm_exact
19R757,34,V1,V1,V2,V3d,1,1,top3_beam_local_top50_top100_zfusion_w0p25,hybrid_projected_network_logcpm_exact
19R758,34,V2,V2,V4,V3v,1,1,top3_beam_local_top50_top100_zfusion_w0p25,hybrid_projected_network_logcpm_exact
19R759,34,V3v,V4,V3v,TEO,0,1,top3_beam_local_top50_top100_zfusion_w0p25,hybrid_projected_network_logcpm_exact
19R760,34,V4v,TEpd,IPa,TPO,0,0,top3_beam_local_top50_top100_zfusion_w0p25,hybrid_projected_network_logcpm_exact
19R793,34,Ig,RM,Ig,G,0,1,top3_beam_local_top50_top100_zfusion_w0p25,hybrid_projected_network_logcpm_exact
19R795,34,Id,Id,Pi,Iapl,1,1,top3_beam_local_top50_top100_zfusion_w0p25,hybrid_projected_network_logcpm_exact
19R796,34,RTM,RTM,Pi,RT,1,1,top3_beam_local_top50_top100_zfusion_w0p25,hybrid_projected_network_logcpm_exact
19R797,34,F1,F4,5,45,0,0,top3_beam_local_top50_top100_zfusion_w0p25,hybrid_projected_network_logcpm_exact
19R798,34,NAcc,NAcc,Cd,Cla,1,1,top3_beam_local_top50_top100_zfusion_w0p25,hybrid_projected_network_logcpm_exact
19R799,34,F5,10m,14r,11m,0,0,top3_beam_local_top50_top100_zfusion_w0p25,hybrid_projected_network_logcpm_exact
19R800,34,RT,RT,RTM,RM,1,1,top3_beam_local_top50_top100_zfusion_w0p25,hybrid_projected_network_logcpm_exact
19R801,34,Cd,Cd,pu,NAcc,1,1,top3_beam_local_top50_top100_zfusion_w0p25,hybrid_projected_network_logcpm_exact
19R802,34,TAa,Id,RTM,Iapl,0,0,top3_beam_local_top50_top100_zfusion_w0p25,hybrid_projected_network_logcpm_exact
19R803,34,Amy,Ia,Iapm,Pi,0,0,top3_beam_local_top50_top100_zfusion_w0p25,hybrid_projected_network_logcpm_exact
19R804,34,24a',24c,24a',24b',0,1,top3_beam_local_top50_top100_zfusion_w0p25,hybrid_projected_network_logcpm_exact
19R805,34,TEm,TEm,TEad,TAa,1,1,top3_beam_local_top50_top100_zfusion_w0p25,hybrid_projected_network_logcpm_exact
19R806,34,AL,TAa,STG,TEad,0,0,top3_beam_local_top50_top100_zfusion_w0p25,hybrid_projected_network_logcpm_exact
19R807,34,pu,Cla,NAcc,Amy,0,0,top3_beam_local_top50_top100_zfusion_w0p25,hybrid_projected_network_logcpm_exact
19R808,34,Iapm,Ial,Pi,Iapm,0,1,top3_beam_local_top50_top100_zfusion_w0p25,hybrid_projected_network_logcpm_exact
19R809,34,PrCO,Iapl,Id,Ig,0,0,top3_beam_local_top50_top100_zfusion_w0p25,hybrid_projected_network_logcpm_exact
19R810,34,24c',9m,23b,24c,0,0,top3_beam_local_top50_top100_zfusion_w0p25,hybrid_projected_network_logcpm_exact
19R811,34,Iapl,Ial,Pi,14c,0,0,top3_beam_local_top50_top100_zfusion_w0p25,hybrid_projected_network_logcpm_exact
19R812,34,TEad,TEad,TEpv,TEm,1,1,top3_beam_local_top50_top100_zfusion_w0p25,hybrid_projected_network_logcpm_exact
19R813,34,Ial,Ial,Pi,32,1,1,top3_beam_local_top50_top100_zfusion_w0p25,hybrid_projected_network_logcpm_exact
19R814,34,Cd,Cd,pu,NAcc,1,1,top3_beam_local_top50_top100_zfusion_w0p25,hybrid_projected_network_logcpm_exact
19R815,34,TPO,STG,TEav,TEad,0,0,top3_beam_local_top50_top100_zfusion_w0p25,hybrid_projected_network_logcpm_exact
19R816,34,G,Iapl,Id,RM,0,0,top3_beam_local_top50_top100_zfusion_w0p25,hybrid_projected_network_logcpm_exact
19R817,34,Pir,13l,13a,Pi,0,0,top3_beam_local_top50_top100_zfusion_w0p25,hybrid_projected_network_logcpm_exact
19R818,34,24b,32,24c,24b',0,0,top3_beam_local_top50_top100_zfusion_w0p25,hybrid_projected_network_logcpm_exact
19R819,34,VIP,5,LIPv,VIP,0,1,top3_beam_local_top50_top100_zfusion_w0p25,hybrid_projected_network_logcpm_exact
19R820,34,Ial,Iapm,Ia,Pi,0,0,top3_beam_local_top50_top100_zfusion_w0p25,hybrid_projected_network_logcpm_exact
19R821,34,8Bd,8Bd,9d,F6,1,1,top3_beam_local_top50_top100_zfusion_w0p25,hybrid_projected_network_logcpm_exact
19R822,34,TEO,TEpd,TEm,TEpv,0,0,top3_beam_local_top50_top100_zfusion_w0p25,hybrid_projected_network_logcpm_exact
19R823,34,R,AL,R,IPa,0,1,top3_beam_local_top50_top100_zfusion_w0p25,hybrid_projected_network_logcpm_exact
19R744,34,F5,PrCO,13m,12o,0,0,top3_beam_local_top50_top100_zfusion_w0p25,hybrid_projected_network_logcpm_exact
19R745,34,F1,F1,F2,3a/b,1,1,top3_beam_local_top50_top100_zfusion_w0p25,hybrid_projected_network_logcpm_exact
19R824,34,V4,TEpd,TEm,TPO,0,0,top3_beam_local_top50_top100_zfusion_w0p25,hybrid_projected_network_logcpm_exact
19R826,34,9d,12l,9m,8Bm,0,0,top3_beam_local_top50_top100_zfusion_w0p25,hybrid_projected_network_logcpm_exact
19R827,34,8Bm,8Bm,F6,9d,1,1,top3_beam_local_top50_top100_zfusion_w0p25,hybrid_projected_network_logcpm_exact
19R828,34,7m,1-2,7a,7b,0,0,top3_beam_local_top50_top100_zfusion_w0p25,hybrid_projected_network_logcpm_exact
19R829,34,F4,PrCO,Ig,9m,0,0,top3_beam_local_top50_top100_zfusion_w0p25,hybrid_projected_network_logcpm_exact
19R830,34,12m,13l,12m,13m,0,1,top3_beam_local_top50_top100_zfusion_w0p25,hybrid_projected_network_logcpm_exact
19R831,34,32,32,Ial,Iapl,1,1,top3_beam_local_top50_top100_zfusion_w0p25,hybrid_projected_network_logcpm_exact
19R832,34,TAa,TEad,TEpv,TEm,0,0,top3_beam_local_top50_top100_zfusion_w0p25,hybrid_projected_network_logcpm_exact
19R833,34,TFO,TF,TEav,14r,0,0,top3_beam_local_top50_top100_zfusion_w0p25,hybrid_projected_network_logcpm_exact
19R834,34,Iapl,Iapm,Ia,Pi,0,0,top3_beam_local_top50_top100_zfusion_w0p25,hybrid_projected_network_logcpm_exact
19R835,34,14c,14r,14c,10m,0,1,top3_beam_local_top50_top100_zfusion_w0p25,hybrid_projected_network_logcpm_exact
19R836,34,PrCO,RT,RTM,Id,0,0,top3_beam_local_top50_top100_zfusion_w0p25,hybrid_projected_network_logcpm_exact
19R837,34,RM,RM,Id,Iapl,1,1,top3_beam_local_top50_top100_zfusion_w0p25,hybrid_projected_network_logcpm_exact
19R838,34,F6,9d,8Bd,8Bm,0,0,top3_beam_local_top50_top100_zfusion_w0p25,hybrid_projected_network_logcpm_exact
19R839,34,pu,pu,Cd,NAcc,1,1,top3_beam_local_top50_top100_zfusion_w0p25,hybrid_projected_network_logcpm_exact
19R840,34,24c,32,24c,24b',0,1,top3_beam_local_top50_top100_zfusion_w0p25,hybrid_projected_network_logcpm_exact
19R841,34,24a',24a,23c,23b,0,0,top3_beam_local_top50_top100_zfusion_w0p25,hybrid_projected_network_logcpm_exact
19R842,34,TEav,TEav,TF,RT,1,1,top3_beam_local_top50_top100_zfusion_w0p25,hybrid_projected_network_logcpm_exact
19R843,34,F7,8Bd,44,F6,0,0,top3_beam_local_top50_top100_zfusion_w0p25,hybrid_projected_network_logcpm_exact
19R844,34,STG,RTL,TF,STG,0,1,top3_beam_local_top50_top100_zfusion_w0p25,hybrid_projected_network_logcpm_exact
19R845,34,TEad,TEav,STG,RTL,0,0,top3_beam_local_top50_top100_zfusion_w0p25,hybrid_projected_network_logcpm_exact
19R846,34,RTL,RT,RTL,STG,0,1,top3_beam_local_top50_top100_zfusion_w0p25,hybrid_projected_network_logcpm_exact
19R873,34,LIPd,ML,7a,LIPd,0,1,top3_beam_local_top50_top100_zfusion_w0p25,hybrid_projected_network_logcpm_exact
19R874,34,LIPv,VIP,LIPv,FST,0,1,top3_beam_local_top50_top100_zfusion_w0p25,hybrid_projected_network_logcpm_exact
19R875,34,7a,IPa,TPO,Tpt,0,0,top3_beam_local_top50_top100_zfusion_w0p25,hybrid_projected_network_logcpm_exact
19R876,34,Tpt,TEm,TAa,PGa,0,0,top3_beam_local_top50_top100_zfusion_w0p25,hybrid_projected_network_logcpm_exact
19R877,34,HC,HC,25,Ia,1,1,top3_beam_local_top50_top100_zfusion_w0p25,hybrid_projected_network_logcpm_exact
19R878,34,V4v,TEpd,V4v,V4,0,1,top3_beam_local_top50_top100_zfusion_w0p25,hybrid_projected_network_logcpm_exact
19R879,34,5,VIP,LIPv,5,0,1,top3_beam_local_top50_top100_zfusion_w0p25,hybrid_projected_network_logcpm_exact
19R882,34,TPO,SII,8Bs,9d,0,0,top3_beam_local_top50_top100_zfusion_w0p25,hybrid_projected_network_logcpm_exact
19R883,34,TEpd,TEad,TEpv,TEm,0,0,top3_beam_local_top50_top100_zfusion_w0p25,hybrid_projected_network_logcpm_exact
19R884,34,F2,F2,F1,44,1,1,top3_beam_local_top50_top100_zfusion_w0p25,hybrid_projected_network_logcpm_exact
19R887,34,8Bs,F1,F2,8Bs,0,1,top3_beam_local_top50_top100_zfusion_w0p25,hybrid_projected_network_logcpm_exact
19R890,34,7op,SII,1-2,7op,0,1,top3_beam_local_top50_top100_zfusion_w0p25,hybrid_projected_network_logcpm_exact
19R891,34,12r,12m,10o,13l,0,0,top3_beam_local_top50_top100_zfusion_w0p25,hybrid_projected_network_logcpm_exact
19R892,34,HC,HC,Pi,Ia,1,1,top3_beam_local_top50_top100_zfusion_w0p25,hybrid_projected_network_logcpm_exact
19R893,34,5,5,VIP,LIPv,1,1,top3_beam_local_top50_top100_zfusion_w0p25,hybrid_projected_network_logcpm_exact
19R894,34,1-2,LIPv,VIP,3a/b,0,0,top3_beam_local_top50_top100_zfusion_w0p25,hybrid_projected_network_logcpm_exact
20R046,34,TEO,TEpd,TEm,TPO,0,0,top3_beam_local_top50_top100_zfusion_w0p25,hybrid_projected_network_logcpm_exact
20R047,34,14r,14r,10m,11m,1,1,top3_beam_local_top50_top100_zfusion_w0p25,hybrid_projected_network_logcpm_exact
20R049,34,7a,TPO,7b,7op,0,0,top3_beam_local_top50_top100_zfusion_w0p25,hybrid_projected_network_logcpm_exact
20R050,34,8A,5,45,F1,0,0,top3_beam_local_top50_top100_zfusion_w0p25,hybrid_projected_network_logcpm_exact
20R052,34,Tha,Tha,Amy,HC,1,1,top3_beam_local_top50_top100_zfusion_w0p25,hybrid_projected_network_logcpm_exact
20R053,34,V3v,V4,TEO,V4v,0,0,top3_beam_local_top50_top100_zfusion_w0p25,hybrid_projected_network_logcpm_exact
20R054,34,LIPv,MST,FST,VIP,0,0,top3_beam_local_top50_top100_zfusion_w0p25,hybrid_projected_network_logcpm_exact
20R059,34,V2,V4,V2,TEO,0,1,top3_beam_local_top50_top100_zfusion_w0p25,hybrid_projected_network_logcpm_exact
20R071,34,7m,LIPd,1-2,7a,0,0,top3_beam_local_top50_top100_zfusion_w0p25,hybrid_projected_network_logcpm_exact
20R072,34,TEO,TEpd,V4v,IPa,0,0,top3_beam_local_top50_top100_zfusion_w0p25,hybrid_projected_network_logcpm_exact
20R073,34,MST,CL,V4v,TEO,0,0,top3_beam_local_top50_top100_zfusion_w0p25,hybrid_projected_network_logcpm_exact
20R074,34,LIPd,LIPd,LIPv,ML,1,1,top3_beam_local_top50_top100_zfusion_w0p25,hybrid_projected_network_logcpm_exact
20R075,34,V4,V4v,V4,TEO,0,1,top3_beam_local_top50_top100_zfusion_w0p25,hybrid_projected_network_logcpm_exact
20R077,34,V1,V1,V2,V3d,1,1,top3_beam_local_top50_top100_zfusion_w0p25,hybrid_projected_network_logcpm_exact
20R078,34,RTL,RTL,RT,STG,1,1,top3_beam_local_top50_top100_zfusion_w0p25,hybrid_projected_network_logcpm_exact
20R080,34,TPO,ML,Tpt,7b,0,0,top3_beam_local_top50_top100_zfusion_w0p25,hybrid_projected_network_logcpm_exact
20R081,34,TFO,TEav,RTM,TF,0,0,top3_beam_local_top50_top100_zfusion_w0p25,hybrid_projected_network_logcpm_exact
20R082,34,ML,1-2,IPa,Tpt,0,0,top3_beam_local_top50_top100_zfusion_w0p25,hybrid_projected_network_logcpm_exact
20R083,34,46v,12m,12r,12l,0,0,top3_beam_local_top50_top100_zfusion_w0p25,hybrid_projected_network_logcpm_exact
20R085,34,RT,RTM,RT,RM,0,1,top3_beam_local_top50_top100_zfusion_w0p25,hybrid_projected_network_logcpm_exact
20R086,34,Ig,Id,Ig,Iapl,0,1,top3_beam_local_top50_top100_zfusion_w0p25,hybrid_projected_network_logcpm_exact
20R087,34,CM,STG,Ig,G,0,0,top3_beam_local_top50_top100_zfusion_w0p25,hybrid_projected_network_logcpm_exact
20R088,34,11l,13l,12m,13m,0,0,top3_beam_local_top50_top100_zfusion_w0p25,hybrid_projected_network_logcpm_exact
20R089,34,FST,V4v,ML,TEO,0,0,top3_beam_local_top50_top100_zfusion_w0p25,hybrid_projected_network_logcpm_exact
20R090,34,7a,TEm,TPO,PGa,0,0,top3_beam_local_top50_top100_zfusion_w0p25,hybrid_projected_network_logcpm_exact
20R091,34,V4v,TEpd,TEm,IPa,0,0,top3_beam_local_top50_top100_zfusion_w0p25,hybrid_projected_network_logcpm_exact
20R093,34,46d,46d,46v,12r,1,1,top3_beam_local_top50_top100_zfusion_w0p25,hybrid_projected_network_logcpm_exact
20R095,34,Amy,Ia,Iapm,Pi,0,0,top3_beam_local_top50_top100_zfusion_w0p25,hybrid_projected_network_logcpm_exact
20R096,34,RTM,RTM,Pi,Ia,1,1,top3_beam_local_top50_top100_zfusion_w0p25,hybrid_projected_network_logcpm_exact
20R097,34,Tha,Tha,Amy,HC,1,1,top3_beam_local_top50_top100_zfusion_w0p25,hybrid_projected_network_logcpm_exact
20R098,34,HC,HC,Ia,Pi,1,1,top3_beam_local_top50_top100_zfusion_w0p25,hybrid_projected_network_logcpm_exact
20R084,34,TEm,TEm,TEpd,TAa,1,1,top3_beam_local_top50_top100_zfusion_w0p25,hybrid_projected_network_logcpm_exact
20R505,34,13m,13l,13m,12o,0,1,top3_beam_local_top50_top100_zfusion_w0p25,hybrid_projected_network_logcpm_exact
20R376,34,25,25,14c,32,1,1,top3_beam_local_top50_top100_zfusion_w0p25,hybrid_projected_network_logcpm_exact
20R377,34,13l,13l,12m,13m,1,1,top3_beam_local_top50_top100_zfusion_w0p25,hybrid_projected_network_logcpm_exact
20R378,34,25,Pi,Iapm,25,0,1,top3_beam_local_top50_top100_zfusion_w0p25,hybrid_projected_network_logcpm_exact
20R379,34,13a,14c,14r,32,0,0,top3_beam_local_top50_top100_zfusion_w0p25,hybrid_projected_network_logcpm_exact
20R382,34,Ri,AL,SII,R,0,0,top3_beam_local_top50_top100_zfusion_w0p25,hybrid_projected_network_logcpm_exact
20R383,34,TF,14c,TG,Pi,0,0,top3_beam_local_top50_top100_zfusion_w0p25,hybrid_projected_network_logcpm_exact
20R384,34,23c,23b,23c,9m,0,1,top3_beam_local_top50_top100_zfusion_w0p25,hybrid_projected_network_logcpm_exact
20R385,34,23b,23b,9m,13m,1,1,top3_beam_local_top50_top100_zfusion_w0p25,hybrid_projected_network_logcpm_exact
20R509,34,NAcc,Cd,pu,NAcc,0,1,top3_beam_local_top50_top100_zfusion_w0p25,hybrid_projected_network_logcpm_exact
20R613,34,10m,10o,13m,11m,0,0,top3_beam_local_top50_top100_zfusion_w0p25,hybrid_projected_network_logcpm_exact
20R614,34,10o,10o,12l,12m,1,1,top3_beam_local_top50_top100_zfusion_w0p25,hybrid_projected_network_logcpm_exact
20R615,34,V1,V1,V2,V3d,1,1,top3_beam_local_top50_top100_zfusion_w0p25,hybrid_projected_network_logcpm_exact
20R619,34,TG,TG,Pi,Ial,1,1,top3_beam_local_top50_top100_zfusion_w0p25,hybrid_projected_network_logcpm_exact
20R620,34,TG,TF,TG,Pi,0,1,top3_beam_local_top50_top100_zfusion_w0p25,hybrid_projected_network_logcpm_exact
20R621,34,TG,TF,TG,Pi,0,1,top3_beam_local_top50_top100_zfusion_w0p25,hybrid_projected_network_logcpm_exact
20R623,34,10m,10o,12l,10m,0,1,top3_beam_local_top50_top100_zfusion_w0p25,hybrid_projected_network_logcpm_exact
20R624,34,10o,10o,11m,11l,1,1,top3_beam_local_top50_top100_zfusion_w0p25,hybrid_projected_network_logcpm_exact
20R625,34,V2,V4,V4v,TEO,0,0,top3_beam_local_top50_top100_zfusion_w0p25,hybrid_projected_network_logcpm_exact
20R636,34,F3,F1,F2,F4,0,0,top3_beam_local_top50_top100_zfusion_w0p25,hybrid_projected_network_logcpm_exact
20R637,34,F2,F1,F2,F4,0,1,top3_beam_local_top50_top100_zfusion_w0p25,hybrid_projected_network_logcpm_exact
20R638,34,F1,F1,F2,3a/b,1,1,top3_beam_local_top50_top100_zfusion_w0p25,hybrid_projected_network_logcpm_exact
20R639,34,1-2,CL,ML,7m,0,0,top3_beam_local_top50_top100_zfusion_w0p25,hybrid_projected_network_logcpm_exact
20R530,67,13a,13a,14r,13b,1,1,top3_beam_local_top50_top100_zfusion_w0p25,hybrid_projected_network_logcpm_exact
20R531,67,G,AL,R,IPa,0,0,top3_beam_local_top50_top100_zfusion_w0p25,hybrid_projected_network_logcpm_exact
20R532,67,Pir,TF,TFO,13m,0,0,top3_beam_local_top50_top100_zfusion_w0p25,hybrid_projected_network_logcpm_exact
20R533,67,24a,24a',24b',14r,0,0,top3_beam_local_top50_top100_zfusion_w0p25,hybrid_projected_network_logcpm_exact
20R534,67,V3d,V3d,MST,FST,1,1,top3_beam_local_top50_top100_zfusion_w0p25,hybrid_projected_network_logcpm_exact
20R535,67,13a,14r,13b,11m,0,0,top3_beam_local_top50_top100_zfusion_w0p25,hybrid_projected_network_logcpm_exact
20R536,67,F2,F1,F2,8Bs,0,1,top3_beam_local_top50_top100_zfusion_w0p25,hybrid_projected_network_logcpm_exact
20R537,67,F3,F3,44,F7,1,1,top3_beam_local_top50_top100_zfusion_w0p25,hybrid_projected_network_logcpm_exact
20R538,67,F3,F1,F3,F2,0,1,top3_beam_local_top50_top100_zfusion_w0p25,hybrid_projected_network_logcpm_exact
20R539,67,F6,F3,F2,8Bs,0,0,top3_beam_local_top50_top100_zfusion_w0p25,hybrid_projected_network_logcpm_exact
20R540,67,F7,F2,8Bs,F3,0,0,top3_beam_local_top50_top100_zfusion_w0p25,hybrid_projected_network_logcpm_exact
20R511,79,Ia,Id,Iapl,RTM,0,0,top3_beam_local_top50_top100_zfusion_w0p25,hybrid_projected_network_logcpm_exact
20R512,79,Amy,HC,Ia,Pi,0,0,top3_beam_local_top50_top100_zfusion_w0p25,hybrid_projected_network_logcpm_exact
20R513,79,24c',F6,8Bd,8Bm,0,0,top3_beam_local_top50_top100_zfusion_w0p25,hybrid_projected_network_logcpm_exact
20R514,79,NAcc,NAcc,Cla,Cd,1,1,top3_beam_local_top50_top100_zfusion_w0p25,hybrid_projected_network_logcpm_exact
20R515,79,NAcc,NAcc,Cd,pu,1,1,top3_beam_local_top50_top100_zfusion_w0p25,hybrid_projected_network_logcpm_exact
20R516,79,13m,13l,13m,11l,0,1,top3_beam_local_top50_top100_zfusion_w0p25,hybrid_projected_network_logcpm_exact
20R517,79,13a,13a,Iapl,24c,1,1,top3_beam_local_top50_top100_zfusion_w0p25,hybrid_projected_network_logcpm_exact
20R518,79,GP,GP,Amy,Cla,1,1,top3_beam_local_top50_top100_zfusion_w0p25,hybrid_projected_network_logcpm_exact
20R519,79,Amy,HC,25,Ia,0,0,top3_beam_local_top50_top100_zfusion_w0p25,hybrid_projected_network_logcpm_exact
20R520,79,24b',23c,F6,8Bm,0,0,top3_beam_local_top50_top100_zfusion_w0p25,hybrid_projected_network_logcpm_exact
20R521,79,MST,V3d,MST,FST,0,1,top3_beam_local_top50_top100_zfusion_w0p25,hybrid_projected_network_logcpm_exact
20R522,79,FST,V3d,MT,MST,0,0,top3_beam_local_top50_top100_zfusion_w0p25,hybrid_projected_network_logcpm_exact
20R525,79,CL,LIPv,FST,LIPd,0,0,top3_beam_local_top50_top100_zfusion_w0p25,hybrid_projected_network_logcpm_exact
20R526,79,23b,7op,7b,7a,0,0,top3_beam_local_top50_top100_zfusion_w0p25,hybrid_projected_network_logcpm_exact
20R528,79,V3d,V3d,MST,MT,1,1,top3_beam_local_top50_top100_zfusion_w0p25,hybrid_projected_network_logcpm_exact
20R529,79,ML,FST,VIP,A1,0,0,top3_beam_local_top50_top100_zfusion_w0p25,hybrid_projected_network_logcpm_exact
19R416,92,F6,Iapl,Ial,Id,0,0,top3_beam_local_top50_top100_zfusion_w0p25,hybrid_projected_network_logcpm_exact
19R421,92,F2,F3,F1,F2,0,1,top3_beam_local_top50_top100_zfusion_w0p25,hybrid_projected_network_logcpm_exact
19R422,92,F1,3a/b,FST,VIP,0,0,top3_beam_local_top50_top100_zfusion_w0p25,hybrid_projected_network_logcpm_exact
19R423,92,Cd,Cd,pu,NAcc,1,1,top3_beam_local_top50_top100_zfusion_w0p25,hybrid_projected_network_logcpm_exact
19R425,92,3a/b,VIP,LIPv,5,0,0,top3_beam_local_top50_top100_zfusion_w0p25,hybrid_projected_network_logcpm_exact
19R426,92,1-2,7op,7b,Tpt,0,0,top3_beam_local_top50_top100_zfusion_w0p25,hybrid_projected_network_logcpm_exact
19R428,92,TEad,TEpv,TEav,TAa,0,0,top3_beam_local_top50_top100_zfusion_w0p25,hybrid_projected_network_logcpm_exact
19R429,92,TEav,Pi,RTM,Iapl,0,0,top3_beam_local_top50_top100_zfusion_w0p25,hybrid_projected_network_logcpm_exact
19R432,92,V4,MST,FST,V3v,0,0,top3_beam_local_top50_top100_zfusion_w0p25,hybrid_projected_network_logcpm_exact
19R461,92,5,7m,5,7op,0,1,top3_beam_local_top50_top100_zfusion_w0p25,hybrid_projected_network_logcpm_exact
19R462,92,7a,1-2,7m,7a,0,1,top3_beam_local_top50_top100_zfusion_w0p25,hybrid_projected_network_logcpm_exact
19R464,92,TPO,7m,V4v,5,0,0,top3_beam_local_top50_top100_zfusion_w0p25,hybrid_projected_network_logcpm_exact
19R465,92,TFO,TF,36c,TG,0,0,top3_beam_local_top50_top100_zfusion_w0p25,hybrid_projected_network_logcpm_exact
19R466,92,TEO,V4,TEO,V3v,0,1,top3_beam_local_top50_top100_zfusion_w0p25,hybrid_projected_network_logcpm_exact
19R467,92,V1,V3v,V2,FST,0,0,top3_beam_local_top50_top100_zfusion_w0p25,hybrid_projected_network_logcpm_exact
19R468,92,V2,7m,ML,V4v,0,0,top3_beam_local_top50_top100_zfusion_w0p25,hybrid_projected_network_logcpm_exact
19R469,92,V3v,7m,1-2,5,0,0,top3_beam_local_top50_top100_zfusion_w0p25,hybrid_projected_network_logcpm_exact
19R470,92,V2,V4v,TEO,7m,0,0,top3_beam_local_top50_top100_zfusion_w0p25,hybrid_projected_network_logcpm_exact
19R471,92,F1,F1,F2,5,1,1,top3_beam_local_top50_top100_zfusion_w0p25,hybrid_projected_network_logcpm_exact
19R472,92,V2,V1,V2,V3d,0,1,top3_beam_local_top50_top100_zfusion_w0p25,hybrid_projected_network_logcpm_exact
19R495,92,9m,13m,13l,12o,0,0,top3_beam_local_top50_top100_zfusion_w0p25,hybrid_projected_network_logcpm_exact
19R496,92,9d,8A,8Bs,5,0,0,top3_beam_local_top50_top100_zfusion_w0p25,hybrid_projected_network_logcpm_exact
19R497,92,46d,8A,8Bs,44,0,0,top3_beam_local_top50_top100_zfusion_w0p25,hybrid_projected_network_logcpm_exact
19R498,92,12l,F3,F7,8Bd,0,0,top3_beam_local_top50_top100_zfusion_w0p25,hybrid_projected_network_logcpm_exact
19R499,92,11m,32,Ial,Pi,0,0,top3_beam_local_top50_top100_zfusion_w0p25,hybrid_projected_network_logcpm_exact
19R500,92,11l,32,14c,24b,0,0,top3_beam_local_top50_top100_zfusion_w0p25,hybrid_projected_network_logcpm_exact
19R501,92,F4,7op,ML,1-2,0,0,top3_beam_local_top50_top100_zfusion_w0p25,hybrid_projected_network_logcpm_exact
19R502,92,TEav,RT,Iapl,Id,0,0,top3_beam_local_top50_top100_zfusion_w0p25,hybrid_projected_network_logcpm_exact
19R503,92,TG,Pi,Ia,Ial,0,0,top3_beam_local_top50_top100_zfusion_w0p25,hybrid_projected_network_logcpm_exact
19R504,92,STG,Iapl,Id,RT,0,0,top3_beam_local_top50_top100_zfusion_w0p25,hybrid_projected_network_logcpm_exact
19R505,92,PrCO,10m,13b,13m,0,0,top3_beam_local_top50_top100_zfusion_w0p25,hybrid_projected_network_logcpm_exact
19R506,92,SII,ML,7m,7op,0,0,top3_beam_local_top50_top100_zfusion_w0p25,hybrid_projected_network_logcpm_exact
19R507,92,RM,Tpt,7op,1-2,0,0,top3_beam_local_top50_top100_zfusion_w0p25,hybrid_projected_network_logcpm_exact
19R508,92,R,CM,CL,ML,0,0,top3_beam_local_top50_top100_zfusion_w0p25,hybrid_projected_network_logcpm_exact
19R509,92,AL,Tpt,1-2,7b,0,0,top3_beam_local_top50_top100_zfusion_w0p25,hybrid_projected_network_logcpm_exact
19R510,92,STG,Tpt,1-2,7op,0,0,top3_beam_local_top50_top100_zfusion_w0p25,hybrid_projected_network_logcpm_exact
19R511,92,HC,HC,36c,TF,1,1,top3_beam_local_top50_top100_zfusion_w0p25,hybrid_projected_network_logcpm_exact
19R512,92,7op,Tpt,TPO,7a,0,0,top3_beam_local_top50_top100_zfusion_w0p25,hybrid_projected_network_logcpm_exact
19R513,92,VIP,VIP,LIPv,FST,1,1,top3_beam_local_top50_top100_zfusion_w0p25,hybrid_projected_network_logcpm_exact
19R514,92,TEpd,TEpv,TFO,STG,0,0,top3_beam_local_top50_top100_zfusion_w0p25,hybrid_projected_network_logcpm_exact
19R515,92,TEO,V3v,FST,V4,0,0,top3_beam_local_top50_top100_zfusion_w0p25,hybrid_projected_network_logcpm_exact
19R517,92,V1,V1,V2,V3v,1,1,top3_beam_local_top50_top100_zfusion_w0p25,hybrid_projected_network_logcpm_exact
19R518,92,Tha,Tha,GP,Amy,1,1,top3_beam_local_top50_top100_zfusion_w0p25,hybrid_projected_network_logcpm_exact
19R519,92,Amy,Ia,RTM,Pi,0,0,top3_beam_local_top50_top100_zfusion_w0p25,hybrid_projected_network_logcpm_exact
19R578,92,F5,Ig,G,Id,0,0,top3_beam_local_top50_top100_zfusion_w0p25,hybrid_projected_network_logcpm_exact
19R579,92,PrCO,Iapl,Id,G,0,0,top3_beam_local_top50_top100_zfusion_w0p25,hybrid_projected_network_logcpm_exact
19R580,92,Ial,Ia,Iapl,Iapm,0,0,top3_beam_local_top50_top100_zfusion_w0p25,hybrid_projected_network_logcpm_exact
19R581,92,24c,24b',24c,24b,0,1,top3_beam_local_top50_top100_zfusion_w0p25,hybrid_projected_network_logcpm_exact
19R582,92,7b,Tpt,7b,7a,0,1,top3_beam_local_top50_top100_zfusion_w0p25,hybrid_projected_network_logcpm_exact
19R583,92,7op,Tpt,7op,7b,0,1,top3_beam_local_top50_top100_zfusion_w0p25,hybrid_projected_network_logcpm_exact
19R584,92,A1,CL,A1,CM,0,1,top3_beam_local_top50_top100_zfusion_w0p25,hybrid_projected_network_logcpm_exact
19R585,92,CL,ML,CM,LIPd,0,0,top3_beam_local_top50_top100_zfusion_w0p25,hybrid_projected_network_logcpm_exact
19R586,92,TEpd,TEpd,TEO,V4v,1,1,top3_beam_local_top50_top100_zfusion_w0p25,hybrid_projected_network_logcpm_exact
19R587,92,TEpv,TEav,TAa,RM,0,0,top3_beam_local_top50_top100_zfusion_w0p25,hybrid_projected_network_logcpm_exact
19R588,92,9m,8Bm,F6,8Bd,0,0,top3_beam_local_top50_top100_zfusion_w0p25,hybrid_projected_network_logcpm_exact
19R589,92,9d,F3,F2,8Bs,0,0,top3_beam_local_top50_top100_zfusion_w0p25,hybrid_projected_network_logcpm_exact
19R590,92,12m,12m,12l,9d,1,1,top3_beam_local_top50_top100_zfusion_w0p25,hybrid_projected_network_logcpm_exact
19R591,92,13b,14c,13a,24c,0,0,top3_beam_local_top50_top100_zfusion_w0p25,hybrid_projected_network_logcpm_exact
19R592,92,14r,10m,10o,13b,0,0,top3_beam_local_top50_top100_zfusion_w0p25,hybrid_projected_network_logcpm_exact
19R593,92,32,32,24b',24b,1,1,top3_beam_local_top50_top100_zfusion_w0p25,hybrid_projected_network_logcpm_exact
19R594,92,44,8Bm,8Bd,9d,0,0,top3_beam_local_top50_top100_zfusion_w0p25,hybrid_projected_network_logcpm_exact
19R595,92,12o,24c,PrCO,Iapl,0,0,top3_beam_local_top50_top100_zfusion_w0p25,hybrid_projected_network_logcpm_exact
19R596,92,13a,Iapl,Id,G,0,0,top3_beam_local_top50_top100_zfusion_w0p25,hybrid_projected_network_logcpm_exact
19R597,92,13b,13b,11m,10o,1,1,top3_beam_local_top50_top100_zfusion_w0p25,hybrid_projected_network_logcpm_exact
19R598,92,14c,14c,13a,32,1,1,top3_beam_local_top50_top100_zfusion_w0p25,hybrid_projected_network_logcpm_exact
19R599,92,25,24a',Id,Iapl,0,0,top3_beam_local_top50_top100_zfusion_w0p25,hybrid_projected_network_logcpm_exact
19R600,92,44,F1,F2,F3,0,0,top3_beam_local_top50_top100_zfusion_w0p25,hybrid_projected_network_logcpm_exact
19R601,92,12o,24b,24b',32,0,0,top3_beam_local_top50_top100_zfusion_w0p25,hybrid_projected_network_logcpm_exact
19R602,92,13a,25,Ial,Pi,0,0,top3_beam_local_top50_top100_zfusion_w0p25,hybrid_projected_network_logcpm_exact
19R603,92,13b,25,Ial,Pi,0,0,top3_beam_local_top50_top100_zfusion_w0p25,hybrid_projected_network_logcpm_exact
19R604,92,14c,32,14c,13a,0,1,top3_beam_local_top50_top100_zfusion_w0p25,hybrid_projected_network_logcpm_exact
19R605,92,25,Iapl,Id,24c,0,0,top3_beam_local_top50_top100_zfusion_w0p25,hybrid_projected_network_logcpm_exact
19R606,92,45,F1,F2,8Bs,0,0,top3_beam_local_top50_top100_zfusion_w0p25,hybrid_projected_network_logcpm_exact
19R607,92,F5,F2,F3,F1,0,0,top3_beam_local_top50_top100_zfusion_w0p25,hybrid_projected_network_logcpm_exact
19R608,92,12r,45,8Bd,44,0,0,top3_beam_local_top50_top100_zfusion_w0p25,hybrid_projected_network_logcpm_exact
19R609,92,32,24c,32,24b',0,1,top3_beam_local_top50_top100_zfusion_w0p25,hybrid_projected_network_logcpm_exact
19R610,92,24c,32,24b',24b,0,0,top3_beam_local_top50_top100_zfusion_w0p25,hybrid_projected_network_logcpm_exact
19R611,92,7b,Tpt,7a,1-2,0,0,top3_beam_local_top50_top100_zfusion_w0p25,hybrid_projected_network_logcpm_exact
19R612,92,7op,Tpt,7op,1-2,0,1,top3_beam_local_top50_top100_zfusion_w0p25,hybrid_projected_network_logcpm_exact
19R613,92,ML,7op,Tpt,1-2,0,0,top3_beam_local_top50_top100_zfusion_w0p25,hybrid_projected_network_logcpm_exact
19R614,92,R,14c,STG,RTL,0,0,top3_beam_local_top50_top100_zfusion_w0p25,hybrid_projected_network_logcpm_exact
19R880,92,AL,STG,RTL,PrCO,0,0,top3_beam_local_top50_top100_zfusion_w0p25,hybrid_projected_network_logcpm_exact
19R881,92,RM,Iapl,RTM,Id,0,0,top3_beam_local_top50_top100_zfusion_w0p25,hybrid_projected_network_logcpm_exact
19R885,92,11l,24c,24a',24c',0,0,top3_beam_local_top50_top100_zfusion_w0p25,hybrid_projected_network_logcpm_exact
19R886,92,TEpv,TEad,TEm,TEpv,0,1,top3_beam_local_top50_top100_zfusion_w0p25,hybrid_projected_network_logcpm_exact
19R888,92,14r,13m,13b,10o,0,0,top3_beam_local_top50_top100_zfusion_w0p25,hybrid_projected_network_logcpm_exact
19R889,92,13b,Id,24a',Ig,0,0,top3_beam_local_top50_top100_zfusion_w0p25,hybrid_projected_network_logcpm_exact
20R048,92,STG,STG,RTL,PrCO,1,1,top3_beam_local_top50_top100_zfusion_w0p25,hybrid_projected_network_logcpm_exact
20R051,92,11m,24a',Id,Iapl,0,0,top3_beam_local_top50_top100_zfusion_w0p25,hybrid_projected_network_logcpm_exact
20R055,92,ML,Tpt,7b,7op,0,0,top3_beam_local_top50_top100_zfusion_w0p25,hybrid_projected_network_logcpm_exact
20R056,92,3a/b,A1,FST,MST,0,0,top3_beam_local_top50_top100_zfusion_w0p25,hybrid_projected_network_logcpm_exact
20R057,92,A1,CM,CL,3a/b,0,0,top3_beam_local_top50_top100_zfusion_w0p25,hybrid_projected_network_logcpm_exact
20R058,92,CM,CM,CL,3a/b,1,1,top3_beam_local_top50_top100_zfusion_w0p25,hybrid_projected_network_logcpm_exact
20R061,92,TAa,STG,AL,TEad,0,0,top3_beam_local_top50_top100_zfusion_w0p25,hybrid_projected_network_logcpm_exact
20R070,92,7b,7op,7b,Tpt,0,1,top3_beam_local_top50_top100_zfusion_w0p25,hybrid_projected_network_logcpm_exact
20R076,92,5,7op,7b,5,0,1,top3_beam_local_top50_top100_zfusion_w0p25,hybrid_projected_network_logcpm_exact
20R079,92,VIP,5,LIPd,LIPv,0,0,top3_beam_local_top50_top100_zfusion_w0p25,hybrid_projected_network_logcpm_exact
20R092,92,STG,AL,TEm,TAa,0,0,top3_beam_local_top50_top100_zfusion_w0p25,hybrid_projected_network_logcpm_exact
20R094,92,SII,AL,R,12m,0,0,top3_beam_local_top50_top100_zfusion_w0p25,hybrid_projected_network_logcpm_exact
20R316,92,Ig,Ig,G,RM,1,1,top3_beam_local_top50_top100_zfusion_w0p25,hybrid_projected_network_logcpm_exact
20R363,92,Ri,Ri,CM,1-2,1,1,top3_beam_local_top50_top100_zfusion_w0p25,hybrid_projected_network_logcpm_exact
20R364,92,PGa,AL,TAa,TEm,0,0,top3_beam_local_top50_top100_zfusion_w0p25,hybrid_projected_network_logcpm_exact
20R365,92,IPa,TPO,IPa,SII,0,1,top3_beam_local_top50_top100_zfusion_w0p25,hybrid_projected_network_logcpm_exact
20R626,92,V1,V1,V2,V3v,1,1,top3_beam_local_top50_top100_zfusion_w0p25,hybrid_projected_network_logcpm_exact
20R627,92,10m,11m,12l,13m,0,0,top3_beam_local_top50_top100_zfusion_w0p25,hybrid_projected_network_logcpm_exact
20R628,92,10o,12l,12r,12m,0,0,top3_beam_local_top50_top100_zfusion_w0p25,hybrid_projected_network_logcpm_exact
20R629,92,10o,12l,11l,12r,0,0,top3_beam_local_top50_top100_zfusion_w0p25,hybrid_projected_network_logcpm_exact
20R630,92,V1,V1,V2,V3d,1,1,top3_beam_local_top50_top100_zfusion_w0p25,hybrid_projected_network_logcpm_exact
20R631,92,V2,V1,V2,V3d,0,1,top3_beam_local_top50_top100_zfusion_w0p25,hybrid_projected_network_logcpm_exact
20R632,92,Cd,Cd,pu,NAcc,1,1,top3_beam_local_top50_top100_zfusion_w0p25,hybrid_projected_network_logcpm_exact
20R633,92,pu,pu,Cd,NAcc,1,1,top3_beam_local_top50_top100_zfusion_w0p25,hybrid_projected_network_logcpm_exact
20R634,92,Cd,Cd,pu,NAcc,1,1,top3_beam_local_top50_top100_zfusion_w0p25,hybrid_projected_network_logcpm_exact
20R635,92,pu,pu,Cd,NAcc,1,1,top3_beam_local_top50_top100_zfusion_w0p25,hybrid_projected_network_logcpm_exact
qbt-L-10o_BRRL200004689-1A,qbt,10o,11l,11m,13m,0,0,top3_beam_local_top50_top100_zfusion_w0p25,hybrid_projected_network_logcpm_exact
qbt-L-46d_BRRL200004690-1A,qbt,46d,11l,10o,46v,0,0,top3_beam_local_top50_top100_zfusion_w0p25,hybrid_projected_network_logcpm_exact
qbt-R-F2_BRRL200004708-1A,qbt,F2,F7,8Bs,F4,0,0,top3_beam_local_top50_top100_zfusion_w0p25,hybrid_projected_network_logcpm_exact
qbt-L-LIpd_BRRL200004705-1A,qbt,LIPd,TEa,3a/b,LIPv,0,0,top3_beam_local_top50_top100_zfusion_w0p25,hybrid_projected_network_logcpm_exact
qbt-R-3a-b-7-27_BRRL200004714-1A,qbt,3a/b,MST,A1,3a/b,0,1,top3_beam_local_top50_top100_zfusion_w0p25,hybrid_projected_network_logcpm_exact
qbt-R-VIP-7-29_BRRL200004938-1A,qbt,VIP,LIPv,MST,VIP,0,1,top3_beam_local_top50_top100_zfusion_w0p25,hybrid_projected_network_logcpm_exact
qbt-R-LIpd-7-29_BRRL200004939-1A,qbt,LIPd,LIPv,TEa,VIP,0,0,top3_beam_local_top50_top100_zfusion_w0p25,hybrid_projected_network_logcpm_exact
qbt-R-7a-7-29_BRRL200004940-1A,qbt,7a,7m,LIPd,TEa,0,0,top3_beam_local_top50_top100_zfusion_w0p25,hybrid_projected_network_logcpm_exact
qbt-R-MST-7-29_BRRL200004941-1A,qbt,MST,LIPv,MST,VIP,0,1,top3_beam_local_top50_top100_zfusion_w0p25,hybrid_projected_network_logcpm_exact
qbt-R-FST-7-29_BRRL200004943-1A,qbt,FST,MST,V3d,VIP,0,0,top3_beam_local_top50_top100_zfusion_w0p25,hybrid_projected_network_logcpm_exact
qbt-R-V4v-7-29_BRRL200004944-1A,qbt,V4v,TEa,TEO,7m,0,0,top3_beam_local_top50_top100_zfusion_w0p25,hybrid_projected_network_logcpm_exact
qbt-R-V3v-7-29_BRRL200004945-1A,qbt,V3v,TAa,TEad,TEav,0,0,top3_beam_local_top50_top100_zfusion_w0p25,hybrid_projected_network_logcpm_exact
qbt-R-V2-7-29_BRRL200004946-1A,qbt,V2,36c,TF,TG,0,0,top3_beam_local_top50_top100_zfusion_w0p25,hybrid_projected_network_logcpm_exact
qbt-L-F3-8-2_BRRL200004954-1A,qbt,F3,F1,F2,8Bs,0,0,top3_beam_local_top50_top100_zfusion_w0p25,hybrid_projected_network_logcpm_exact
qbt-L-F2-8-2_BRRL200004955-1A,qbt,F2,F1,F2,8Bs,0,1,top3_beam_local_top50_top100_zfusion_w0p25,hybrid_projected_network_logcpm_exact
qbt-L-F1-8-2_BRRL200004956-1A,qbt,F1,F1,F2,3a/b,1,1,top3_beam_local_top50_top100_zfusion_w0p25,hybrid_projected_network_logcpm_exact
qbt-L-STGr-8-2_BRRL200004957-1A,qbt,STG,TAa,TEav,STG,0,1,top3_beam_local_top50_top100_zfusion_w0p25,hybrid_projected_network_logcpm_exact
qbt-L-1-2-8-2_BRRL200004958-1A,qbt,1-2,3a/b,TEa,CL,0,0,top3_beam_local_top50_top100_zfusion_w0p25,hybrid_projected_network_logcpm_exact
qbt-L-SII-8-2_BRRL200004959-1A,qbt,SII,7op,7a,TPO,0,0,top3_beam_local_top50_top100_zfusion_w0p25,hybrid_projected_network_logcpm_exact
qbt-L-Ig-8-10_BRRL200004965-1A,qbt,Ig,TAa,PGa,IPa,0,0,top3_beam_local_top50_top100_zfusion_w0p25,hybrid_projected_network_logcpm_exact
qbt-L-Id-8-10_BRRL200004966-1A,qbt,Id,Id,G,RM,1,1,top3_beam_local_top50_top100_zfusion_w0p25,hybrid_projected_network_logcpm_exact
qbt-L-pi-8-10_BRRL200004967-1A,qbt,Pi,Id,Pi,RTM,0,1,top3_beam_local_top50_top100_zfusion_w0p25,hybrid_projected_network_logcpm_exact
qbt-L-TEa-8-10_BRRL200004968-1A,qbt,TEa,TEa,V4v,7m,1,1,top3_beam_local_top50_top100_zfusion_w0p25,hybrid_projected_network_logcpm_exact
qbt-L-TEad-8-11_BRRL200004969-1A,qbt,TEad,TEa,V4v,TEO,0,0,top3_beam_local_top50_top100_zfusion_w0p25,hybrid_projected_network_logcpm_exact
qbt-L-24c-8-11_BRRL200004971-1A,qbt,24c,9m,11l,46v,0,0,top3_beam_local_top50_top100_zfusion_w0p25,hybrid_projected_network_logcpm_exact
qbt-L-9m-8-13_BRRL200004985-1A,qbt,9m,11l,9m,46v,0,1,top3_beam_local_top50_top100_zfusion_w0p25,hybrid_projected_network_logcpm_exact
qbt-L-46v-8-13_BRRL200004986-1A,qbt,46v,46d,46v,45,0,1,top3_beam_local_top50_top100_zfusion_w0p25,hybrid_projected_network_logcpm_exact
qbt-L-12r-8-13_BRRL200004987-1A,qbt,12r,46d,45,8A,0,0,top3_beam_local_top50_top100_zfusion_w0p25,hybrid_projected_network_logcpm_exact
qbt-L-12m-8-13_BRRL200004988-1A,qbt,12m,46v,46d,12r,0,0,top3_beam_local_top50_top100_zfusion_w0p25,hybrid_projected_network_logcpm_exact
qbt-L-11m-8-13_BRRL200004989-1A,qbt,11m,46v,11l,12m,0,0,top3_beam_local_top50_top100_zfusion_w0p25,hybrid_projected_network_logcpm_exact
qbt-L-11l-8-13_BRRL200004990-1A,qbt,11l,11l,12m,TAa,1,1,top3_beam_local_top50_top100_zfusion_w0p25,hybrid_projected_network_logcpm_exact
qbt-L-13b-8-13_BRRL200004991-1A,qbt,13b,11l,13m,13l,0,0,top3_beam_local_top50_top100_zfusion_w0p25,hybrid_projected_network_logcpm_exact
qbt-L-10m-8-13_BRRL200004992-1A,qbt,10m,14c,Iapl,11m,0,0,top3_beam_local_top50_top100_zfusion_w0p25,hybrid_projected_network_logcpm_exact
qbt-L-24c-8-13_BRRL200004993-1A,qbt,24c,24b,32,24c,0,1,top3_beam_local_top50_top100_zfusion_w0p25,hybrid_projected_network_logcpm_exact
qbt-L-F5-8-14_BRRL200006259-1A,qbt,F5,8Bs,8A,F7,0,0,top3_beam_local_top50_top100_zfusion_w0p25,hybrid_projected_network_logcpm_exact
qbt-L-F4-8-14_BRRL200006260-1A,qbt,F4,8Bs,3a/b,F4,0,1,top3_beam_local_top50_top100_zfusion_w0p25,hybrid_projected_network_logcpm_exact
qbt-L-Prco-8-14_BRRL200006261-1A,qbt,PrCO,PrCO,11l,11m,1,1,top3_beam_local_top50_top100_zfusion_w0p25,hybrid_projected_network_logcpm_exact
qbt-L-G-8-14_BRRL200006262-1A,qbt,G,PGa,SII,TAa,0,0,top3_beam_local_top50_top100_zfusion_w0p25,hybrid_projected_network_logcpm_exact
qbt-L-Ial-8-14_BRRL200006263-1A,qbt,Ial,Pi,Ial,Iapm,0,1,top3_beam_local_top50_top100_zfusion_w0p25,hybrid_projected_network_logcpm_exact
qbt-L-Iapm-8-14_BRRL200006264-1A,qbt,Iapm,Pi,Iapm,Ial,0,1,top3_beam_local_top50_top100_zfusion_w0p25,hybrid_projected_network_logcpm_exact
qbt-R-9d-8-18_BRRL200006271-1A,qbt,9d,46v,11l,10o,0,0,top3_beam_local_top50_top100_zfusion_w0p25,hybrid_projected_network_logcpm_exact
qbt-R-46d-8-18_BRRL200006272-1A,qbt,46d,46d,46v,12m,1,1,top3_beam_local_top50_top100_zfusion_w0p25,hybrid_projected_network_logcpm_exact
qbt-R-46v-8-18_BRRL200006273-1A,qbt,46v,46v,11l,10o,1,1,top3_beam_local_top50_top100_zfusion_w0p25,hybrid_projected_network_logcpm_exact
qbt-R-F4-8-19_BRRL200006274-1A,qbt,F4,3a/b,CL,CM,0,0,top3_beam_local_top50_top100_zfusion_w0p25,hybrid_projected_network_logcpm_exact
qbt-R-Prco-8-19_BRRL200006275-1A,qbt,PrCO,TEa,CL,7op,0,0,top3_beam_local_top50_top100_zfusion_w0p25,hybrid_projected_network_logcpm_exact
qbt-R-G-8-19_BRRL200006276-1A,qbt,G,TAa,TEad,PGa,0,0,top3_beam_local_top50_top100_zfusion_w0p25,hybrid_projected_network_logcpm_exact
qbt-R-Iapl-8-19_BRRL200006277-1A,qbt,Iapl,Id,Iapl,G,0,1,top3_beam_local_top50_top100_zfusion_w0p25,hybrid_projected_network_logcpm_exact
qbt-L-5-8-24_BRRL200007485-1A,qbt,5,VIP,LIPv,5,0,1,top3_beam_local_top50_top100_zfusion_w0p25,hybrid_projected_network_logcpm_exact
qbt-L-7b-8-24_BRRL200007486-1A,qbt,7b,7m,LIPd,CL,0,0,top3_beam_local_top50_top100_zfusion_w0p25,hybrid_projected_network_logcpm_exact
qbt-L-7op-8-24_BRRL200007487-1A,qbt,7op,TEa,LIPv,CL,0,0,top3_beam_local_top50_top100_zfusion_w0p25,hybrid_projected_network_logcpm_exact
qbt-L-AI-8-24_BRRL200007488-1A,qbt,A1,MST,V3d,V2,0,0,top3_beam_local_top50_top100_zfusion_w0p25,hybrid_projected_network_logcpm_exact
qbt-L-CL-8-24_BRRL200007489-1A,qbt,CL,VIP,LIPv,3a/b,0,0,top3_beam_local_top50_top100_zfusion_w0p25,hybrid_projected_network_logcpm_exact
qbt-L-TPO-8-24_BRRL200007490-1A,qbt,TPO,TEa,TPO,7a,0,1,top3_beam_local_top50_top100_zfusion_w0p25,hybrid_projected_network_logcpm_exact
qbt-L-PGa-8-24_BRRL200007491-1A,qbt,PGa,TEa,7m,CL,0,0,top3_beam_local_top50_top100_zfusion_w0p25,hybrid_projected_network_logcpm_exact
qbt-L-IPa-8-24_BRRL200007492-1A,qbt,IPa,LIPv,MST,TEa,0,0,top3_beam_local_top50_top100_zfusion_w0p25,hybrid_projected_network_logcpm_exact
qbt-L-VIP-8-27_BRRL200007560-1A,qbt,VIP,LIPv,VIP,MST,0,1,top3_beam_local_top50_top100_zfusion_w0p25,hybrid_projected_network_logcpm_exact
qbt-L-LIpv-8-27_BRRL200007561-1A,qbt,LIPv,MST,V3d,VIP,0,0,top3_beam_local_top50_top100_zfusion_w0p25,hybrid_projected_network_logcpm_exact
qbt-L-LIpd-8-27_BRRL200007562-1A,qbt,LIPd,LIPv,3a/b,TEa,0,0,top3_beam_local_top50_top100_zfusion_w0p25,hybrid_projected_network_logcpm_exact
qbt-L-7a-8-27_BRRL200007563-1A,qbt,7a,TEa,TPO,7m,0,0,top3_beam_local_top50_top100_zfusion_w0p25,hybrid_projected_network_logcpm_exact
qbt-L-TPt-8-27_BRRL200007926-1A,qbt,Tpt,TEa,LIPd,7m,0,0,top3_beam_local_top50_top100_zfusion_w0p25,hybrid_projected_network_logcpm_exact
qbt-L-MST-8-27_BRRL200007927-1A,qbt,MST,MST,V3d,LIPv,1,1,top3_beam_local_top50_top100_zfusion_w0p25,hybrid_projected_network_logcpm_exact
qbt-L-FST-8-27_BRRL200007928-1A,qbt,FST,MST,LIPv,V3d,0,0,top3_beam_local_top50_top100_zfusion_w0p25,hybrid_projected_network_logcpm_exact
qbt-L-V4-8-27_BRRL200007929-1A,qbt,V4,V3d,MST,V3v,0,0,top3_beam_local_top50_top100_zfusion_w0p25,hybrid_projected_network_logcpm_exact
qbt-L-F7-8-31_BRRL200008124-1A,qbt,F7,8Bs,F7,8A,0,1,top3_beam_local_top50_top100_zfusion_w0p25,hybrid_projected_network_logcpm_exact
qbt-L-8Bd-8-31_BRRL200008125-1A,qbt,8Bd,8Bs,F7,8A,0,0,top3_beam_local_top50_top100_zfusion_w0p25,hybrid_projected_network_logcpm_exact
qbt-L-8Bs-8-31_BRRL200008126-1A,qbt,8Bs,8Bd,45,F7,0,0,top3_beam_local_top50_top100_zfusion_w0p25,hybrid_projected_network_logcpm_exact
qbt-L-8A-8-31_BRRL200008127-1A,qbt,8A,8A,45,F4,1,1,top3_beam_local_top50_top100_zfusion_w0p25,hybrid_projected_network_logcpm_exact
qbt-L-45-8-31_BRRL200008128-1A,qbt,45,8A,LIPd,8Bs,0,0,top3_beam_local_top50_top100_zfusion_w0p25,hybrid_projected_network_logcpm_exact
qbt-L-12o-8-31_BRRL200008129-1A,qbt,12o,13l,46d,46v,0,0,top3_beam_local_top50_top100_zfusion_w0p25,hybrid_projected_network_logcpm_exact
qbt-L-13l-8-31_BRRL200008130-1A,qbt,13l,13l,11l,13m,1,1,top3_beam_local_top50_top100_zfusion_w0p25,hybrid_projected_network_logcpm_exact
qbt-L-13m-8-31_BRRL200008131-1A,qbt,13m,11l,13l,TAa,0,0,top3_beam_local_top50_top100_zfusion_w0p25,hybrid_projected_network_logcpm_exact
qbt-L-14c-8-31_BRRL200008132-1A,qbt,14c,14c,13a,Ial,1,1,top3_beam_local_top50_top100_zfusion_w0p25,hybrid_projected_network_logcpm_exact
qbt-L-32-8-31_BRRL200008305-1A,qbt,32,25,Ial,24c,0,0,top3_beam_local_top50_top100_zfusion_w0p25,hybrid_projected_network_logcpm_exact
qbt-R-SII-9-2_BRRL200008316-1A,qbt,SII,7op,TPO,3a/b,0,0,top3_beam_local_top50_top100_zfusion_w0p25,hybrid_projected_network_logcpm_exact
qbt-R-R-9-2_BRRL200008317-1A,qbt,R,TEa,CL,CM,0,0,top3_beam_local_top50_top100_zfusion_w0p25,hybrid_projected_network_logcpm_exact
qbt-R-PGa-9-2_BRRL200008318-1A,qbt,PGa,TAa,TEad,PGa,0,1,top3_beam_local_top50_top100_zfusion_w0p25,hybrid_projected_network_logcpm_exact
qbt-R-TEm-9-2_BRRL200008319-1A,qbt,TEm,TAa,PGa,TEad,0,0,top3_beam_local_top50_top100_zfusion_w0p25,hybrid_projected_network_logcpm_exact
qbt-R-TEav-9-3_BRRL200008320-1A,qbt,TEav,PGa,TAa,TEm,0,0,top3_beam_local_top50_top100_zfusion_w0p25,hybrid_projected_network_logcpm_exact
20R099,xq,9d,F6,44,8Bm,0,0,top3_beam_local_top50_top100_zfusion_w0p25,hybrid_projected_network_logcpm_exact
20R100,xq,9m,24c',9m,F5,0,1,top3_beam_local_top50_top100_zfusion_w0p25,hybrid_projected_network_logcpm_exact
20R101,xq,13b,12o,13b,13m,0,1,top3_beam_local_top50_top100_zfusion_w0p25,hybrid_projected_network_logcpm_exact
20R102,xq,14r,14r,14c,10m,1,1,top3_beam_local_top50_top100_zfusion_w0p25,hybrid_projected_network_logcpm_exact
20R103,xq,12r,12l,12r,12m,0,1,top3_beam_local_top50_top100_zfusion_w0p25,hybrid_projected_network_logcpm_exact
20R104,xq,24c,32,14c,24b,0,0,top3_beam_local_top50_top100_zfusion_w0p25,hybrid_projected_network_logcpm_exact
20R105,xq,10m,13b,11m,32,0,0,top3_beam_local_top50_top100_zfusion_w0p25,hybrid_projected_network_logcpm_exact
20R106,xq,14r,14r,10m,13b,1,1,top3_beam_local_top50_top100_zfusion_w0p25,hybrid_projected_network_logcpm_exact
20R107,xq,11m,13m,11l,13l,0,0,top3_beam_local_top50_top100_zfusion_w0p25,hybrid_projected_network_logcpm_exact
20R108,xq,11l,12l,9d,12r,0,0,top3_beam_local_top50_top100_zfusion_w0p25,hybrid_projected_network_logcpm_exact
20R109,xq,F2,F2,F3,F1,1,1,top3_beam_local_top50_top100_zfusion_w0p25,hybrid_projected_network_logcpm_exact
20R110,xq,F3,F3,44,F7,1,1,top3_beam_local_top50_top100_zfusion_w0p25,hybrid_projected_network_logcpm_exact
20R111,xq,F5,F5,24c',F6,1,1,top3_beam_local_top50_top100_zfusion_w0p25,hybrid_projected_network_logcpm_exact
20R112,xq,pu,Cd,pu,NAcc,0,1,top3_beam_local_top50_top100_zfusion_w0p25,hybrid_projected_network_logcpm_exact
20R113,xq,Cd,pu,Cd,NAcc,0,1,top3_beam_local_top50_top100_zfusion_w0p25,hybrid_projected_network_logcpm_exact
20R114,xq,45,44,F3,F7,0,0,top3_beam_local_top50_top100_zfusion_w0p25,hybrid_projected_network_logcpm_exact
20R115,xq,44,F3,44,F7,0,1,top3_beam_local_top50_top100_zfusion_w0p25,hybrid_projected_network_logcpm_exact
20R116,xq,8A,F3,44,F7,0,0,top3_beam_local_top50_top100_zfusion_w0p25,hybrid_projected_network_logcpm_exact
20R117,xq,8Bs,F1,F2,F3,0,0,top3_beam_local_top50_top100_zfusion_w0p25,hybrid_projected_network_logcpm_exact
20R118,xq,NAcc,NAcc,Cd,pu,1,1,top3_beam_local_top50_top100_zfusion_w0p25,hybrid_projected_network_logcpm_exact
20R119,xq,3a/b,MST,LIPv,3a/b,0,1,top3_beam_local_top50_top100_zfusion_w0p25,hybrid_projected_network_logcpm_exact
20R120,xq,SII,44,SII,Ri,0,1,top3_beam_local_top50_top100_zfusion_w0p25,hybrid_projected_network_logcpm_exact
20R121,xq,Id,Ig,PrCO,G,0,0,top3_beam_local_top50_top100_zfusion_w0p25,hybrid_projected_network_logcpm_exact
20R122,xq,HC,HC,Ia,Iapm,1,1,top3_beam_local_top50_top100_zfusion_w0p25,hybrid_projected_network_logcpm_exact
20R123,xq,STG,STG,RTL,TAa,1,1,top3_beam_local_top50_top100_zfusion_w0p25,hybrid_projected_network_logcpm_exact
20R125,xq,ML,ML,7op,1-2,1,1,top3_beam_local_top50_top100_zfusion_w0p25,hybrid_projected_network_logcpm_exact
20R126,xq,VIP,5,1-2,7op,0,0,top3_beam_local_top50_top100_zfusion_w0p25,hybrid_projected_network_logcpm_exact
20R127,xq,CM,3a/b,VIP,MST,0,0,top3_beam_local_top50_top100_zfusion_w0p25,hybrid_projected_network_logcpm_exact
20R128,xq,A1,LIPd,3a/b,VIP,0,0,top3_beam_local_top50_top100_zfusion_w0p25,hybrid_projected_network_logcpm_exact
20R129,xq,TAa,V4v,TEO,7op,0,0,top3_beam_local_top50_top100_zfusion_w0p25,hybrid_projected_network_logcpm_exact
20R130,xq,7op,7op,ML,1-2,1,1,top3_beam_local_top50_top100_zfusion_w0p25,hybrid_projected_network_logcpm_exact
20R131,xq,TEpd,V4v,TEO,V4,0,0,top3_beam_local_top50_top100_zfusion_w0p25,hybrid_projected_network_logcpm_exact
20R132,xq,5,ML,7op,7m,0,0,top3_beam_local_top50_top100_zfusion_w0p25,hybrid_projected_network_logcpm_exact
20R133,xq,7b,7op,7b,Tpt,0,1,top3_beam_local_top50_top100_zfusion_w0p25,hybrid_projected_network_logcpm_exact
20R134,xq,V1,V1,V3d,FST,1,1,top3_beam_local_top50_top100_zfusion_w0p25,hybrid_projected_network_logcpm_exact
20R135,xq,V2,V1,V3d,FST,0,0,top3_beam_local_top50_top100_zfusion_w0p25,hybrid_projected_network_logcpm_exact
20R136,xq,V3v,V3d,V3v,MST,0,1,top3_beam_local_top50_top100_zfusion_w0p25,hybrid_projected_network_logcpm_exact
20R137,xq,7m,V3d,V1,V2,0,0,top3_beam_local_top50_top100_zfusion_w0p25,hybrid_projected_network_logcpm_exact
20R138,xq,9m,10m,14r,13b,0,0,top3_beam_local_top50_top100_zfusion_w0p25,hybrid_projected_network_logcpm_exact
20R139,xq,9d,46d,12r,12l,0,0,top3_beam_local_top50_top100_zfusion_w0p25,hybrid_projected_network_logcpm_exact
20R140,xq,10m,10m,14r,13b,1,1,top3_beam_local_top50_top100_zfusion_w0p25,hybrid_projected_network_logcpm_exact
20R141,xq,11m,10m,11l,13m,0,0,top3_beam_local_top50_top100_zfusion_w0p25,hybrid_projected_network_logcpm_exact
20R124,xq,R,R,AL,SII,1,1,top3_beam_local_top50_top100_zfusion_w0p25,hybrid_projected_network_logcpm_exact
20R142,xq,14r,14r,14c,10m,1,1,top3_beam_local_top50_top100_zfusion_w0p25,hybrid_projected_network_logcpm_exact
20R143,xq,46d,13l,9m,12m,0,0,top3_beam_local_top50_top100_zfusion_w0p25,hybrid_projected_network_logcpm_exact
20R144,xq,46v,12r,12m,12l,0,0,top3_beam_local_top50_top100_zfusion_w0p25,hybrid_projected_network_logcpm_exact
20R145,xq,12r,12m,12l,12r,0,1,top3_beam_local_top50_top100_zfusion_w0p25,hybrid_projected_network_logcpm_exact
20R146,xq,8A,12m,9d,12l,0,0,top3_beam_local_top50_top100_zfusion_w0p25,hybrid_projected_network_logcpm_exact
20R147,xq,8Bs,12l,9d,12r,0,0,top3_beam_local_top50_top100_zfusion_w0p25,hybrid_projected_network_logcpm_exact
20R148,xq,44,9d,8Bd,F6,0,0,top3_beam_local_top50_top100_zfusion_w0p25,hybrid_projected_network_logcpm_exact
20R149,xq,45,9d,8Bd,44,0,0,top3_beam_local_top50_top100_zfusion_w0p25,hybrid_projected_network_logcpm_exact
20R150,xq,F2,9m,24c',24a',0,0,top3_beam_local_top50_top100_zfusion_w0p25,hybrid_projected_network_logcpm_exact
20R151,xq,F3,9m,24c,24b,0,0,top3_beam_local_top50_top100_zfusion_w0p25,hybrid_projected_network_logcpm_exact
20R152,xq,F5,10m,13b,12o,0,0,top3_beam_local_top50_top100_zfusion_w0p25,hybrid_projected_network_logcpm_exact
20R153,xq,24c,32,14c,24b,0,0,top3_beam_local_top50_top100_zfusion_w0p25,hybrid_projected_network_logcpm_exact
20R154,xq,Ig,RM,PrCO,Ig,0,1,top3_beam_local_top50_top100_zfusion_w0p25,hybrid_projected_network_logcpm_exact
20R155,xq,pu,pu,Cd,NAcc,1,1,top3_beam_local_top50_top100_zfusion_w0p25,hybrid_projected_network_logcpm_exact
20R156,xq,1-2,24c',PrCO,G,0,0,top3_beam_local_top50_top100_zfusion_w0p25,hybrid_projected_network_logcpm_exact
20R157,xq,Cd,pu,Cd,NAcc,0,1,top3_beam_local_top50_top100_zfusion_w0p25,hybrid_projected_network_logcpm_exact
20R158,xq,STG,TAa,STG,PrCO,0,1,top3_beam_local_top50_top100_zfusion_w0p25,hybrid_projected_network_logcpm_exact
20R159,xq,TEad,TEpd,TEad,TEm,0,1,top3_beam_local_top50_top100_zfusion_w0p25,hybrid_projected_network_logcpm_exact
20R160,xq,Id,RTM,Ia,Iapl,0,0,top3_beam_local_top50_top100_zfusion_w0p25,hybrid_projected_network_logcpm_exact
20R161,xq,SII,Ig,PrCO,13l,0,0,top3_beam_local_top50_top100_zfusion_w0p25,hybrid_projected_network_logcpm_exact
20R162,xq,F3,44,8Bm,F6,0,0,top3_beam_local_top50_top100_zfusion_w0p25,hybrid_projected_network_logcpm_exact
20R163,xq,RTL,RTL,STG,13m,1,1,top3_beam_local_top50_top100_zfusion_w0p25,hybrid_projected_network_logcpm_exact
20R164,xq,F2,F6,8Bm,44,0,0,top3_beam_local_top50_top100_zfusion_w0p25,hybrid_projected_network_logcpm_exact
20R165,xq,TEav,TEpv,TAa,TEad,0,0,top3_beam_local_top50_top100_zfusion_w0p25,hybrid_projected_network_logcpm_exact
20R166,xq,TPO,TPO,R,Tpt,1,1,top3_beam_local_top50_top100_zfusion_w0p25,hybrid_projected_network_logcpm_exact
20R167,xq,RM,AL,R,Ri,0,0,top3_beam_local_top50_top100_zfusion_w0p25,hybrid_projected_network_logcpm_exact
20R168,xq,Tha,Tha,Amy,Pir,1,1,top3_beam_local_top50_top100_zfusion_w0p25,hybrid_projected_network_logcpm_exact
20R169,xq,F1,F3,44,F7,0,0,top3_beam_local_top50_top100_zfusion_w0p25,hybrid_projected_network_logcpm_exact
20R170,xq,R,ML,CM,Tpt,0,0,top3_beam_local_top50_top100_zfusion_w0p25,hybrid_projected_network_logcpm_exact
20R171,xq,HC,HC,25,14c,1,1,top3_beam_local_top50_top100_zfusion_w0p25,hybrid_projected_network_logcpm_exact
20R172,xq,TEm,TEpd,TPO,TEm,0,1,top3_beam_local_top50_top100_zfusion_w0p25,hybrid_projected_network_logcpm_exact
20R173,xq,AL,R,Tpt,TPO,0,0,top3_beam_local_top50_top100_zfusion_w0p25,hybrid_projected_network_logcpm_exact
20R174,xq,STG,R,AL,TPO,0,0,top3_beam_local_top50_top100_zfusion_w0p25,hybrid_projected_network_logcpm_exact
20R175,xq,V2,V1,V3d,FST,0,0,top3_beam_local_top50_top100_zfusion_w0p25,hybrid_projected_network_logcpm_exact
20R176,xq,V1,V1,V3d,FST,1,1,top3_beam_local_top50_top100_zfusion_w0p25,hybrid_projected_network_logcpm_exact
20R177,xq,V3v,V3d,FST,V2,0,0,top3_beam_local_top50_top100_zfusion_w0p25,hybrid_projected_network_logcpm_exact
20R178,xq,LIPv,LIPd,VIP,3a/b,0,0,top3_beam_local_top50_top100_zfusion_w0p25,hybrid_projected_network_logcpm_exact
20R179,xq,5,ML,7op,Tpt,0,0,top3_beam_local_top50_top100_zfusion_w0p25,hybrid_projected_network_logcpm_exact
20R180,xq,TPO,TEO,CL,A1,0,0,top3_beam_local_top50_top100_zfusion_w0p25,hybrid_projected_network_logcpm_exact
20R181,xq,TFO,TFO,TEpv,TAa,1,1,top3_beam_local_top50_top100_zfusion_w0p25,hybrid_projected_network_logcpm_exact
20R182,xq,LIPd,ML,7op,TPO,0,0,top3_beam_local_top50_top100_zfusion_w0p25,hybrid_projected_network_logcpm_exact
20R183,xq,8A,9d,8Bd,F6,0,0,top3_beam_local_top50_top100_zfusion_w0p25,hybrid_projected_network_logcpm_exact
20R184,xq,Tpt,Tpt,7op,7b,1,1,top3_beam_local_top50_top100_zfusion_w0p25,hybrid_projected_network_logcpm_exact
20R185,xq,7op,ML,Tpt,7op,0,1,top3_beam_local_top50_top100_zfusion_w0p25,hybrid_projected_network_logcpm_exact
20R186,xq,7a,Tpt,TPO,7b,0,0,top3_beam_local_top50_top100_zfusion_w0p25,hybrid_projected_network_logcpm_exact
20R187,xq,FST,CL,ML,A1,0,0,top3_beam_local_top50_top100_zfusion_w0p25,hybrid_projected_network_logcpm_exact
20R188,xq,HC,HC,25,Ia,1,1,top3_beam_local_top50_top100_zfusion_w0p25,hybrid_projected_network_logcpm_exact
20R189,xq,V4,TEO,V4,V3v,0,1,top3_beam_local_top50_top100_zfusion_w0p25,hybrid_projected_network_logcpm_exact
20R190,xq,VIP,5,VIP,3a/b,0,1,top3_beam_local_top50_top100_zfusion_w0p25,hybrid_projected_network_logcpm_exact
20R191,xq,13l,13l,13m,9m,1,1,top3_beam_local_top50_top100_zfusion_w0p25,hybrid_projected_network_logcpm_exact
20R192,xq,45,8Bd,9d,44,0,0,top3_beam_local_top50_top100_zfusion_w0p25,hybrid_projected_network_logcpm_exact
20R193,xq,46v,24a,44,24a',0,0,top3_beam_local_top50_top100_zfusion_w0p25,hybrid_projected_network_logcpm_exact
20R194,xq,46d,9d,45,31,0,0,top3_beam_local_top50_top100_zfusion_w0p25,hybrid_projected_network_logcpm_exact
20R195,xq,F6,F6,8Bm,44,1,1,top3_beam_local_top50_top100_zfusion_w0p25,hybrid_projected_network_logcpm_exact
20R196,xq,F7,44,F3,F7,0,1,top3_beam_local_top50_top100_zfusion_w0p25,hybrid_projected_network_logcpm_exact
20R197,xq,8Bs,F3,44,F7,0,0,top3_beam_local_top50_top100_zfusion_w0p25,hybrid_projected_network_logcpm_exact
20R198,xq,8Bd,F3,44,F7,0,0,top3_beam_local_top50_top100_zfusion_w0p25,hybrid_projected_network_logcpm_exact
20R199,xq,8Bm,24c,12o,24c',0,0,top3_beam_local_top50_top100_zfusion_w0p25,hybrid_projected_network_logcpm_exact
20R200,xq,8Bd,12o,24c',24c,0,0,top3_beam_local_top50_top100_zfusion_w0p25,hybrid_projected_network_logcpm_exact
20R201,xq,45,12l,12m,9d,0,0,top3_beam_local_top50_top100_zfusion_w0p25,hybrid_projected_network_logcpm_exact
20R202,xq,12l,12r,12m,13l,0,0,top3_beam_local_top50_top100_zfusion_w0p25,hybrid_projected_network_logcpm_exact
20R203,xq,32,32,14r,14c,1,1,top3_beam_local_top50_top100_zfusion_w0p25,hybrid_projected_network_logcpm_exact
20R204,xq,AL,AL,R,TAa,1,1,top3_beam_local_top50_top100_zfusion_w0p25,hybrid_projected_network_logcpm_exact
20R205,xq,TEm,TEpd,TEm,TPO,0,1,top3_beam_local_top50_top100_zfusion_w0p25,hybrid_projected_network_logcpm_exact
20R206,xq,TEpd,TEpd,TEm,TPO,1,1,top3_beam_local_top50_top100_zfusion_w0p25,hybrid_projected_network_logcpm_exact
20R207,xq,TEpv,TEpd,TEpv,TEad,0,1,top3_beam_local_top50_top100_zfusion_w0p25,hybrid_projected_network_logcpm_exact
20R208,xq,23c,24c',9m,24c,0,0,top3_beam_local_top50_top100_zfusion_w0p25,hybrid_projected_network_logcpm_exact
20R209,xq,Tha,Tha,Amy,Pir,1,1,top3_beam_local_top50_top100_zfusion_w0p25,hybrid_projected_network_logcpm_exact
20R210,xq,HC,HC,25,Pi,1,1,top3_beam_local_top50_top100_zfusion_w0p25,hybrid_projected_network_logcpm_exact
20R211,xq,F1,F2,F1,F3,0,1,top3_beam_local_top50_top100_zfusion_w0p25,hybrid_projected_network_logcpm_exact
20R212,xq,3a/b,ML,1-2,7op,0,0,top3_beam_local_top50_top100_zfusion_w0p25,hybrid_projected_network_logcpm_exact
20R213,xq,1-2,ML,1-2,Tpt,0,1,top3_beam_local_top50_top100_zfusion_w0p25,hybrid_projected_network_logcpm_exact
20R214,xq,Ig,Iapl,Ig,G,0,1,top3_beam_local_top50_top100_zfusion_w0p25,hybrid_projected_network_logcpm_exact
20R215,xq,RM,Ia,RTM,Pi,0,0,top3_beam_local_top50_top100_zfusion_w0p25,hybrid_projected_network_logcpm_exact
20R216,xq,AL,ML,Tpt,1-2,0,0,top3_beam_local_top50_top100_zfusion_w0p25,hybrid_projected_network_logcpm_exact
20R217,xq,STG,RTL,TAa,STG,0,1,top3_beam_local_top50_top100_zfusion_w0p25,hybrid_projected_network_logcpm_exact
20R218,xq,TEad,STG,RTL,TEpv,0,0,top3_beam_local_top50_top100_zfusion_w0p25,hybrid_projected_network_logcpm_exact
20R219,xq,TEav,TAa,TEav,STG,0,1,top3_beam_local_top50_top100_zfusion_w0p25,hybrid_projected_network_logcpm_exact
20R220,xq,Amy,Ia,Iapm,Pi,0,0,top3_beam_local_top50_top100_zfusion_w0p25,hybrid_projected_network_logcpm_exact
20R221,xq,pu,pu,Cd,NAcc,1,1,top3_beam_local_top50_top100_zfusion_w0p25,hybrid_projected_network_logcpm_exact
20R222,xq,1-2,10m,13m,13l,0,0,top3_beam_local_top50_top100_zfusion_w0p25,hybrid_projected_network_logcpm_exact
20R223,xq,Id,Iapl,11m,Id,0,1,top3_beam_local_top50_top100_zfusion_w0p25,hybrid_projected_network_logcpm_exact
20R224,xq,RT,RT,RTL,RM,1,1,top3_beam_local_top50_top100_zfusion_w0p25,hybrid_projected_network_logcpm_exact
20R225,xq,RTM,RTM,Ia,Pi,1,1,top3_beam_local_top50_top100_zfusion_w0p25,hybrid_projected_network_logcpm_exact
20R226,xq,RTL,RTL,STG,PrCO,1,1,top3_beam_local_top50_top100_zfusion_w0p25,hybrid_projected_network_logcpm_exact
20R227,xq,STG,14r,13b,12o,0,0,top3_beam_local_top50_top100_zfusion_w0p25,hybrid_projected_network_logcpm_exact
20R228,xq,Id,AL,R,Ri,0,0,top3_beam_local_top50_top100_zfusion_w0p25,hybrid_projected_network_logcpm_exact
20R229,xq,RM,PrCO,Ig,RM,0,1,top3_beam_local_top50_top100_zfusion_w0p25,hybrid_projected_network_logcpm_exact
20R230,xq,TEm,TPO,Tpt,7a,0,0,top3_beam_local_top50_top100_zfusion_w0p25,hybrid_projected_network_logcpm_exact
20R231,xq,TEad,TEpd,TEm,TEad,0,1,top3_beam_local_top50_top100_zfusion_w0p25,hybrid_projected_network_logcpm_exact
20R232,xq,TEav,TFO,TEpv,STG,0,0,top3_beam_local_top50_top100_zfusion_w0p25,hybrid_projected_network_logcpm_exact
20R233,xq,Tha,Cla,NAcc,GP,0,0,top3_beam_local_top50_top100_zfusion_w0p25,hybrid_projected_network_logcpm_exact
20R234,xq,10o,10m,13b,11l,0,0,top3_beam_local_top50_top100_zfusion_w0p25,hybrid_projected_network_logcpm_exact
20R235,xq,12l,9m,12o,13m,0,0,top3_beam_local_top50_top100_zfusion_w0p25,hybrid_projected_network_logcpm_exact
20R236,xq,13m,12o,13m,13l,0,1,top3_beam_local_top50_top100_zfusion_w0p25,hybrid_projected_network_logcpm_exact
20R237,xq,13l,12o,13m,13b,0,0,top3_beam_local_top50_top100_zfusion_w0p25,hybrid_projected_network_logcpm_exact
20R238,xq,24b',14r,14c,24b,0,0,top3_beam_local_top50_top100_zfusion_w0p25,hybrid_projected_network_logcpm_exact
20R239,xq,24c',24c,Iapl,24c',0,1,top3_beam_local_top50_top100_zfusion_w0p25,hybrid_projected_network_logcpm_exact
20R240,xq,Ig,Iapl,RT,Id,0,0,top3_beam_local_top50_top100_zfusion_w0p25,hybrid_projected_network_logcpm_exact
20R241,xq,Id,Iapm,32,Ia,0,0,top3_beam_local_top50_top100_zfusion_w0p25,hybrid_projected_network_logcpm_exact
20R242,xq,RT,RTM,Iapl,RT,0,1,top3_beam_local_top50_top100_zfusion_w0p25,hybrid_projected_network_logcpm_exact
20R243,xq,RTM,RT,Iapl,Id,0,0,top3_beam_local_top50_top100_zfusion_w0p25,hybrid_projected_network_logcpm_exact
20R244,xq,RTL,RTL,STG,14r,1,1,top3_beam_local_top50_top100_zfusion_w0p25,hybrid_projected_network_logcpm_exact
20R245,xq,TEm,TEpv,STG,TAa,0,0,top3_beam_local_top50_top100_zfusion_w0p25,hybrid_projected_network_logcpm_exact
20R246,xq,5,F1,F2,F3,0,0,top3_beam_local_top50_top100_zfusion_w0p25,hybrid_projected_network_logcpm_exact
20R247,xq,7b,5,1-2,7op,0,0,top3_beam_local_top50_top100_zfusion_w0p25,hybrid_projected_network_logcpm_exact
20R248,xq,CM,ML,CM,1-2,0,1,top3_beam_local_top50_top100_zfusion_w0p25,hybrid_projected_network_logcpm_exact
20R249,xq,A1,A1,3a/b,CL,1,1,top3_beam_local_top50_top100_zfusion_w0p25,hybrid_projected_network_logcpm_exact
20R250,xq,TEm,AL,R,TPO,0,0,top3_beam_local_top50_top100_zfusion_w0p25,hybrid_projected_network_logcpm_exact
20R251,xq,TEpd,TEO,V4v,V4,0,0,top3_beam_local_top50_top100_zfusion_w0p25,hybrid_projected_network_logcpm_exact
20R252,xq,TEpv,TEpd,TPO,Tpt,0,0,top3_beam_local_top50_top100_zfusion_w0p25,hybrid_projected_network_logcpm_exact
20R253,xq,G,G,Iapl,PrCO,1,1,top3_beam_local_top50_top100_zfusion_w0p25,hybrid_projected_network_logcpm_exact
20R254,xq,Iapm,Ia,Iapm,Ial,0,1,top3_beam_local_top50_top100_zfusion_w0p25,hybrid_projected_network_logcpm_exact
20R255,xq,Ial,Ia,Iapm,Iapl,0,0,top3_beam_local_top50_top100_zfusion_w0p25,hybrid_projected_network_logcpm_exact
20R256,xq,Pir,14r,13a,12o,0,0,top3_beam_local_top50_top100_zfusion_w0p25,hybrid_projected_network_logcpm_exact
20R257,xq,LIPv,5,7op,7m,0,0,top3_beam_local_top50_top100_zfusion_w0p25,hybrid_projected_network_logcpm_exact
20R258,xq,LIPd,ML,1-2,7m,0,0,top3_beam_local_top50_top100_zfusion_w0p25,hybrid_projected_network_logcpm_exact
20R259,xq,CM,3a/b,VIP,V3v,0,0,top3_beam_local_top50_top100_zfusion_w0p25,hybrid_projected_network_logcpm_exact
20R260,xq,A1,A1,CL,3a/b,1,1,top3_beam_local_top50_top100_zfusion_w0p25,hybrid_projected_network_logcpm_exact
20R261,xq,CL,ML,Tpt,7op,0,0,top3_beam_local_top50_top100_zfusion_w0p25,hybrid_projected_network_logcpm_exact
20R262,xq,TFO,Tpt,TEpd,TPO,0,0,top3_beam_local_top50_top100_zfusion_w0p25,hybrid_projected_network_logcpm_exact
20R263,xq,Amy,HC,Ia,Pi,0,0,top3_beam_local_top50_top100_zfusion_w0p25,hybrid_projected_network_logcpm_exact
20R264,xq,Iapl,Ia,Iapl,Id,0,1,top3_beam_local_top50_top100_zfusion_w0p25,hybrid_projected_network_logcpm_exact
20R265,xq,CL,ML,CL,5,0,1,top3_beam_local_top50_top100_zfusion_w0p25,hybrid_projected_network_logcpm_exact
20R270,xq,10o,13b,10m,11l,0,0,top3_beam_local_top50_top100_zfusion_w0p25,hybrid_projected_network_logcpm_exact
20R271,xq,V4v,TEO,V4,V3v,0,0,top3_beam_local_top50_top100_zfusion_w0p25,hybrid_projected_network_logcpm_exact
20R272,xq,Tha,Tha,Amy,Pir,1,1,top3_beam_local_top50_top100_zfusion_w0p25,hybrid_projected_network_logcpm_exact
20R273,xq,TEm,V4v,TPO,IPa,0,0,top3_beam_local_top50_top100_zfusion_w0p25,hybrid_projected_network_logcpm_exact
20R274,xq,LIPv,5,7m,7op,0,0,top3_beam_local_top50_top100_zfusion_w0p25,hybrid_projected_network_logcpm_exact
20R275,xq,GP,GP,NAcc,Cla,1,1,top3_beam_local_top50_top100_zfusion_w0p25,hybrid_projected_network_logcpm_exact
20R276,xq,GP,GP,NAcc,Cla,1,1,top3_beam_local_top50_top100_zfusion_w0p25,hybrid_projected_network_logcpm_exact
20R277,xq,7a,1-2,7op,5,0,0,top3_beam_local_top50_top100_zfusion_w0p25,hybrid_projected_network_logcpm_exact
20R278,xq,LIPd,5,7op,1-2,0,0,top3_beam_local_top50_top100_zfusion_w0p25,hybrid_projected_network_logcpm_exact
20R279,xq,LIPv,5,1-2,7op,0,0,top3_beam_local_top50_top100_zfusion_w0p25,hybrid_projected_network_logcpm_exact
20R280,xq,Tpt,ML,7op,Tpt,0,1,top3_beam_local_top50_top100_zfusion_w0p25,hybrid_projected_network_logcpm_exact
20R281,xq,MST,MST,V3d,LIPv,1,1,top3_beam_local_top50_top100_zfusion_w0p25,hybrid_projected_network_logcpm_exact
20R282,xq,FST,VIP,MST,LIPv,0,0,top3_beam_local_top50_top100_zfusion_w0p25,hybrid_projected_network_logcpm_exact
20R283,xq,V4,TEO,V4,V3v,0,1,top3_beam_local_top50_top100_zfusion_w0p25,hybrid_projected_network_logcpm_exact
20R284,xq,TFO,V3v,V4,TEO,0,0,top3_beam_local_top50_top100_zfusion_w0p25,hybrid_projected_network_logcpm_exact
20R285,xq,GP,GP,NAcc,Cla,1,1,top3_beam_local_top50_top100_zfusion_w0p25,hybrid_projected_network_logcpm_exact
20R286,xq,GP,GP,NAcc,Cla,1,1,top3_beam_local_top50_top100_zfusion_w0p25,hybrid_projected_network_logcpm_exact
20R287,xq,24c',24c',24c,24b',1,1,top3_beam_local_top50_top100_zfusion_w0p25,hybrid_projected_network_logcpm_exact
20R288,xq,24b',24c,24c',11m,0,0,top3_beam_local_top50_top100_zfusion_w0p25,hybrid_projected_network_logcpm_exact
20R289,xq,24a',24c,24b,12o,0,0,top3_beam_local_top50_top100_zfusion_w0p25,hybrid_projected_network_logcpm_exact
20R290,xq,12m,12r,12l,9m,0,0,top3_beam_local_top50_top100_zfusion_w0p25,hybrid_projected_network_logcpm_exact
20R504,xq,13l,12o,13m,13b,0,0,top3_beam_local_top50_top100_zfusion_w0p25,hybrid_projected_network_logcpm_exact
20R360,xq,Ri,LIPd,VIP,LIPv,0,0,top3_beam_local_top50_top100_zfusion_w0p25,hybrid_projected_network_logcpm_exact
20R361,xq,PGa,CL,CM,ML,0,0,top3_beam_local_top50_top100_zfusion_w0p25,hybrid_projected_network_logcpm_exact
20R362,xq,IPa,ML,7op,CM,0,0,top3_beam_local_top50_top100_zfusion_w0p25,hybrid_projected_network_logcpm_exact
20R366,xq,GP,NAcc,Cla,GP,0,1,top3_beam_local_top50_top100_zfusion_w0p25,hybrid_projected_network_logcpm_exact
20R367,xq,23c,23b,23c,9m,0,1,top3_beam_local_top50_top100_zfusion_w0p25,hybrid_projected_network_logcpm_exact
20R368,xq,PGa,AL,Ig,R,0,0,top3_beam_local_top50_top100_zfusion_w0p25,hybrid_projected_network_logcpm_exact
20R369,xq,IPa,AL,TPO,R,0,0,top3_beam_local_top50_top100_zfusion_w0p25,hybrid_projected_network_logcpm_exact
20R370,xq,23c,24c',23c,24a,0,1,top3_beam_local_top50_top100_zfusion_w0p25,hybrid_projected_network_logcpm_exact
20R371,xq,TF,TFO,TG,TEpv,0,0,top3_beam_local_top50_top100_zfusion_w0p25,hybrid_projected_network_logcpm_exact
20R372,xq,IPa,AL,R,TPO,0,0,top3_beam_local_top50_top100_zfusion_w0p25,hybrid_projected_network_logcpm_exact
20R373,xq,PGa,AL,TEpd,R,0,0,top3_beam_local_top50_top100_zfusion_w0p25,hybrid_projected_network_logcpm_exact
20R374,xq,23b,24c,24b,12o,0,0,top3_beam_local_top50_top100_zfusion_w0p25,hybrid_projected_network_logcpm_exact
20R375,xq,11m,13l,13m,12m,0,0,top3_beam_local_top50_top100_zfusion_w0p25,hybrid_projected_network_logcpm_exact
20R380,xq,MST,LIPd,VIP,7m,0,0,top3_beam_local_top50_top100_zfusion_w0p25,hybrid_projected_network_logcpm_exact
20R381,xq,FST,VIP,MST,LIPv,0,0,top3_beam_local_top50_top100_zfusion_w0p25,hybrid_projected_network_logcpm_exact
20R386,xq,PGa,TPO,Tpt,ML,0,0,top3_beam_local_top50_top100_zfusion_w0p25,hybrid_projected_network_logcpm_exact
20R387,xq,23b,24c',24c,12o,0,0,top3_beam_local_top50_top100_zfusion_w0p25,hybrid_projected_network_logcpm_exact
20R388,xq,23c,F3,44,F7,0,0,top3_beam_local_top50_top100_zfusion_w0p25,hybrid_projected_network_logcpm_exact
20R506,xq,Pi,Ia,Ial,Iapm,0,0,top3_beam_local_top50_top100_zfusion_w0p25,hybrid_projected_network_logcpm_exact
20R507,xq,Ia,Iapm,25,Ia,0,1,top3_beam_local_top50_top100_zfusion_w0p25,hybrid_projected_network_logcpm_exact
20R508,xq,Ia,Iapm,Ia,Pi,0,1,top3_beam_local_top50_top100_zfusion_w0p25,hybrid_projected_network_logcpm_exact
20R510,xq,RM,Ig,RM,G,0,1,top3_beam_local_top50_top100_zfusion_w0p25,hybrid_projected_network_logcpm_exact
20R523,xq,V3d,MST,LIPv,V3d,0,1,top3_beam_local_top50_top100_zfusion_w0p25,hybrid_projected_network_logcpm_exact
20R524,xq,V3d,MST,V3d,FST,0,1,top3_beam_local_top50_top100_zfusion_w0p25,hybrid_projected_network_logcpm_exact
20R611,xq,10m,10m,11l,10o,1,1,top3_beam_local_top50_top100_zfusion_w0p25,hybrid_projected_network_logcpm_exact
20R612,xq,10o,12r,12l,12m,0,0,top3_beam_local_top50_top100_zfusion_w0p25,hybrid_projected_network_logcpm_exact
20R616,xq,V2,V2,V3d,FST,1,1,top3_beam_local_top50_top100_zfusion_w0p25,hybrid_projected_network_logcpm_exact
20R617,xq,V1,V1,V3d,V2,1,1,top3_beam_local_top50_top100_zfusion_w0p25,hybrid_projected_network_logcpm_exact
20R618,xq,V2,V1,V3d,FST,0,0,top3_beam_local_top50_top100_zfusion_w0p25,hybrid_projected_network_logcpm_exact
20R622,xq,V2,V2,V3v,V4,1,1,top3_beam_local_top50_top100_zfusion_w0p25,hybrid_projected_network_logcpm_exact
20R640,xq,3a/b,3a/b,F1,VIP,1,1,top3_beam_local_top50_top100_zfusion_w0p25,hybrid_projected_network_logcpm_exact
20R641,xq,F1,F3,F2,F7,0,0,top3_beam_local_top50_top100_zfusion_w0p25,hybrid_projected_network_logcpm_exact
20R642,xq,Ig,SII,Ri,Ig,0,1,top3_beam_local_top50_top100_zfusion_w0p25,hybrid_projected_network_logcpm_exact
xz-L-10m-10o_BRRL200004691-1A,xz,10m,10m,13m,11m,1,1,top3_beam_local_top50_top100_zfusion_w0p25,hybrid_projected_network_logcpm_exact
xz-L-10m_BRRL200004692-1A,xz,10m,11m,12o,24c,0,0,top3_beam_local_top50_top100_zfusion_w0p25,hybrid_projected_network_logcpm_exact
xz-L-10o_BRRL200004693-1A,xz,10o,14r,11m,13b,0,0,top3_beam_local_top50_top100_zfusion_w0p25,hybrid_projected_network_logcpm_exact
xz-L-11m_BRRL200004694-1A,xz,11m,11l,13m,11m,0,1,top3_beam_local_top50_top100_zfusion_w0p25,hybrid_projected_network_logcpm_exact
xz-L-11l_BRRL200004695-1A,xz,11l,PrCO,13m,12o,0,0,top3_beam_local_top50_top100_zfusion_w0p25,hybrid_projected_network_logcpm_exact
xz-R-10o_BRRL200004706-1A,xz,10o,13m,11m,12o,0,0,top3_beam_local_top50_top100_zfusion_w0p25,hybrid_projected_network_logcpm_exact
xz-R-11l_BRRL200004707-1A,xz,11l,TEav,STG,13m,0,0,top3_beam_local_top50_top100_zfusion_w0p25,hybrid_projected_network_logcpm_exact
xz-L-Prco_BRRL200006258-1A,xz,PrCO,PrCO,Iapl,Id,1,1,top3_beam_local_top50_top100_zfusion_w0p25,hybrid_projected_network_logcpm_exact
xz-L-Ial_BRRL200004697-1A,xz,Ial,Ial,Iapm,Pi,1,1,top3_beam_local_top50_top100_zfusion_w0p25,hybrid_projected_network_logcpm_exact
xz-R-F4_BRRL200004709-1A,xz,F4,TEa,LIPd,7op,0,0,top3_beam_local_top50_top100_zfusion_w0p25,hybrid_projected_network_logcpm_exact
xz-R-G_BRRL200004710-1A,xz,G,Ial,Iapm,Pi,0,0,top3_beam_local_top50_top100_zfusion_w0p25,hybrid_projected_network_logcpm_exact
xz-R-Ial_BRRL200004711-1A,xz,Ial,Ial,Iapm,14c,1,1,top3_beam_local_top50_top100_zfusion_w0p25,hybrid_projected_network_logcpm_exact
xz-R-24b_BRRL200004712-1A,xz,24b,9m,11l,10m,0,0,top3_beam_local_top50_top100_zfusion_w0p25,hybrid_projected_network_logcpm_exact
xz-R-24c_BRRL200004713-1A,xz,24c,8Bs,8A,8Bd,0,0,top3_beam_local_top50_top100_zfusion_w0p25,hybrid_projected_network_logcpm_exact
xz-L-Ig_BRRL200004699-1A,xz,Ig,Ig,PrCO,G,1,1,top3_beam_local_top50_top100_zfusion_w0p25,hybrid_projected_network_logcpm_exact
xz-L-Id_BRRL200004700-1A,xz,Id,Pi,Iapl,Id,0,1,top3_beam_local_top50_top100_zfusion_w0p25,hybrid_projected_network_logcpm_exact
xz-L-RM_BRRL200004701-1A,xz,RM,Id,RTM,Pi,0,0,top3_beam_local_top50_top100_zfusion_w0p25,hybrid_projected_network_logcpm_exact
xz-L-AL_BRRL200004702-1A,xz,AL,IPa,PGa,LIPd,0,0,top3_beam_local_top50_top100_zfusion_w0p25,hybrid_projected_network_logcpm_exact
xz-L-TPO_BRRL200004703-1A,xz,TPO,TEav,STG,PrCO,0,0,top3_beam_local_top50_top100_zfusion_w0p25,hybrid_projected_network_logcpm_exact
xz-L-PGa_BRRL200004704-1A,xz,PGa,TEav,TEa,TEad,0,0,top3_beam_local_top50_top100_zfusion_w0p25,hybrid_projected_network_logcpm_exact
xz-R-F1-7-28_BRRL200004923-1A,xz,F1,F1,F2,8Bs,1,1,top3_beam_local_top50_top100_zfusion_w0p25,hybrid_projected_network_logcpm_exact
xz-R-3a-b-7-28_BRRL200004924-1A,xz,3a/b,MST,3a/b,MT,0,1,top3_beam_local_top50_top100_zfusion_w0p25,hybrid_projected_network_logcpm_exact
xz-R-1-2-7-28_BRRL200004925-1A,xz,1-2,TEa,CL,5,0,0,top3_beam_local_top50_top100_zfusion_w0p25,hybrid_projected_network_logcpm_exact
xz-R-SII-7-28_BRRL200004926-1A,xz,SII,PGa,IPa,7a,0,0,top3_beam_local_top50_top100_zfusion_w0p25,hybrid_projected_network_logcpm_exact
xz-R-Ig-7-28_BRRL200004927-1A,xz,Ig,SII,PGa,TEa,0,0,top3_beam_local_top50_top100_zfusion_w0p25,hybrid_projected_network_logcpm_exact
xz-R-Id-7-28_BRRL200004928-1A,xz,Id,Id,Iapl,Pi,1,1,top3_beam_local_top50_top100_zfusion_w0p25,hybrid_projected_network_logcpm_exact
xz-R-RM-7-28_BRRL200004929-1A,xz,RM,Pi,Id,RTM,0,0,top3_beam_local_top50_top100_zfusion_w0p25,hybrid_projected_network_logcpm_exact
xz-R-R-7-28_BRRL200004930-1A,xz,R,STG,PrCO,G,0,0,top3_beam_local_top50_top100_zfusion_w0p25,hybrid_projected_network_logcpm_exact
xz-R-TAa-7-28_BRRL200004931-1A,xz,TAa,PrCO,TEav,G,0,0,top3_beam_local_top50_top100_zfusion_w0p25,hybrid_projected_network_logcpm_exact
xz-R-TPO-7-28_BRRL200004932-1A,xz,TPO,PrCO,G,Ig,0,0,top3_beam_local_top50_top100_zfusion_w0p25,hybrid_projected_network_logcpm_exact
xz-R-PGa-7-28_BRRL200004933-1A,xz,PGa,PGa,SII,TEm,1,1,top3_beam_local_top50_top100_zfusion_w0p25,hybrid_projected_network_logcpm_exact
xz-R-Ipa-7-28_BRRL200004934-1A,xz,IPa,TEad,PGa,TEm,0,0,top3_beam_local_top50_top100_zfusion_w0p25,hybrid_projected_network_logcpm_exact
xz-R-TEa-7-28_BRRL200004935-1A,xz,TEa,PGa,TEm,TEad,0,0,top3_beam_local_top50_top100_zfusion_w0p25,hybrid_projected_network_logcpm_exact
xz-R-TEm-7-28_BRRL200004936-1A,xz,TEm,TEad,TAa,TEav,0,0,top3_beam_local_top50_top100_zfusion_w0p25,hybrid_projected_network_logcpm_exact
xz-R-24a-7-28_BRRL200004937-1A,xz,24a,IPa,PGa,7a,0,0,top3_beam_local_top50_top100_zfusion_w0p25,hybrid_projected_network_logcpm_exact
xz-R-7m-7-30_BRRL200004947-1A,xz,7m,7a,Tpt,7op,0,0,top3_beam_local_top50_top100_zfusion_w0p25,hybrid_projected_network_logcpm_exact
xz-R-VIP-7-30_BRRL200004948-1A,xz,VIP,MT,MST,FST,0,0,top3_beam_local_top50_top100_zfusion_w0p25,hybrid_projected_network_logcpm_exact
xz-R-LIpd-7-30_BRRL200004949-1A,xz,LIPd,LIPd,TEa,5,1,1,top3_beam_local_top50_top100_zfusion_w0p25,hybrid_projected_network_logcpm_exact
xz-R-LIpv-7-30_BRRL200004950-1A,xz,LIPv,MT,VIP,MST,0,0,top3_beam_local_top50_top100_zfusion_w0p25,hybrid_projected_network_logcpm_exact
xz-R-7a-7-30_BRRL200004951-1A,xz,7a,TEa,PGa,7a,0,1,top3_beam_local_top50_top100_zfusion_w0p25,hybrid_projected_network_logcpm_exact
xz-R-MST-7-30_BRRL200004952-1A,xz,MST,MST,MT,FST,1,1,top3_beam_local_top50_top100_zfusion_w0p25,hybrid_projected_network_logcpm_exact
xz-R-V2-7-30_BRRL200004953-1A,xz,V2,Pi,Ia,TG,0,0,top3_beam_local_top50_top100_zfusion_w0p25,hybrid_projected_network_logcpm_exact
xz-L-F1-8-2_BRRL200004960-1A,xz,F1,F1,F2,3a/b,1,1,top3_beam_local_top50_top100_zfusion_w0p25,hybrid_projected_network_logcpm_exact
xz-L-3a-b-8-2_BRRL200004961-1A,xz,3a/b,TEa,LIPd,CL,0,0,top3_beam_local_top50_top100_zfusion_w0p25,hybrid_projected_network_logcpm_exact
xz-L-1-2-8-2_BRRL200004962-1A,xz,1-2,PGa,7a,TEa,0,0,top3_beam_local_top50_top100_zfusion_w0p25,hybrid_projected_network_logcpm_exact
xz-L-F2-8-2_BRRL200004964-1A,xz,F2,F1,F2,3a/b,0,1,top3_beam_local_top50_top100_zfusion_w0p25,hybrid_projected_network_logcpm_exact
xz-L-24c-8-11_BRRL200004974-1A,xz,24c,12o,11l,11m,0,0,top3_beam_local_top50_top100_zfusion_w0p25,hybrid_projected_network_logcpm_exact
xz-L-9m-8-12_BRRL200004975-1A,xz,9m,12o,11l,11m,0,0,top3_beam_local_top50_top100_zfusion_w0p25,hybrid_projected_network_logcpm_exact
xz-L-9d-8-12_BRRL200004976-1A,xz,9d,9m,23c,9d,0,1,top3_beam_local_top50_top100_zfusion_w0p25,hybrid_projected_network_logcpm_exact
xz-L-46d-8-12_BRRL200004977-1A,xz,46d,46v,46d,12m,0,1,top3_beam_local_top50_top100_zfusion_w0p25,hybrid_projected_network_logcpm_exact
xz-L-46v-8-12_BRRL200004978-1A,xz,46v,12m,11l,R,0,0,top3_beam_local_top50_top100_zfusion_w0p25,hybrid_projected_network_logcpm_exact
xz-L-12r-8-12_BRRL200004979-1A,xz,12r,12m,7a,7op,0,0,top3_beam_local_top50_top100_zfusion_w0p25,hybrid_projected_network_logcpm_exact
xz-L-12m-8-12_BRRL200004980-1A,xz,12m,7a,PGa,R,0,0,top3_beam_local_top50_top100_zfusion_w0p25,hybrid_projected_network_logcpm_exact
xz-L-13b-8-12_BRRL200004981-1A,xz,13b,11m,13b,13m,0,1,top3_beam_local_top50_top100_zfusion_w0p25,hybrid_projected_network_logcpm_exact
xz-L-14r-8-12_BRRL200004982-1A,xz,14r,14r,14c,13b,1,1,top3_beam_local_top50_top100_zfusion_w0p25,hybrid_projected_network_logcpm_exact
xz-L-32-8-12_BRRL200004983-1A,xz,32,32,24c,24b,1,1,top3_beam_local_top50_top100_zfusion_w0p25,hybrid_projected_network_logcpm_exact
xz-L-24c-8-12_BRRL200004984-1A,xz,24c,24c,32,24b,1,1,top3_beam_local_top50_top100_zfusion_w0p25,hybrid_projected_network_logcpm_exact
xz-L-F4-8-17_BRRL200006266-1A,xz,F4,TEa,PGa,7a,0,0,top3_beam_local_top50_top100_zfusion_w0p25,hybrid_projected_network_logcpm_exact
xz-L-G-8-17_BRRL200006267-1A,xz,G,TEav,G,PrCO,0,1,top3_beam_local_top50_top100_zfusion_w0p25,hybrid_projected_network_logcpm_exact
xz-L-Iapl-8-17_BRRL200006268-1A,xz,Iapl,Pi,Iapl,Ial,0,1,top3_beam_local_top50_top100_zfusion_w0p25,hybrid_projected_network_logcpm_exact
xz-L-Iapm-8-17_BRRL200006269-1A,xz,Iapm,Iapm,Ia,Ial,1,1,top3_beam_local_top50_top100_zfusion_w0p25,hybrid_projected_network_logcpm_exact
xz-R-F6-8-20_BRRL200006279-1A,xz,F6,F7,8Bd,F5,0,0,top3_beam_local_top50_top100_zfusion_w0p25,hybrid_projected_network_logcpm_exact
xz-R-F7-8-20_BRRL200006280-1A,xz,F7,F7,F2,8Bs,1,1,top3_beam_local_top50_top100_zfusion_w0p25,hybrid_projected_network_logcpm_exact
xz-R-8Bd-8-20_BRRL200006281-1A,xz,8Bd,LIPd,8A,8Bs,0,0,top3_beam_local_top50_top100_zfusion_w0p25,hybrid_projected_network_logcpm_exact
xz-R-8Bs-8-20_BRRL200006282-1A,xz,8Bs,8A,45,7a,0,0,top3_beam_local_top50_top100_zfusion_w0p25,hybrid_projected_network_logcpm_exact
xz-R-8A-8-20_BRRL200006283-1A,xz,8A,46d,9d,46v,0,0,top3_beam_local_top50_top100_zfusion_w0p25,hybrid_projected_network_logcpm_exact
xz-R-46d-8-20_BRRL200006284-1A,xz,46d,46d,45,7a,1,1,top3_beam_local_top50_top100_zfusion_w0p25,hybrid_projected_network_logcpm_exact
xz-R-46v-8-20_BRRL200006285-1A,xz,46v,46d,7a,LIPd,0,0,top3_beam_local_top50_top100_zfusion_w0p25,hybrid_projected_network_logcpm_exact
xz-R-45-8-20_BRRL200006286-1A,xz,45,7a,LIPd,46d,0,0,top3_beam_local_top50_top100_zfusion_w0p25,hybrid_projected_network_logcpm_exact
xz-R-14c-8-20_BRRL200006287-1A,xz,14c,Iapl,14c,Ial,0,1,top3_beam_local_top50_top100_zfusion_w0p25,hybrid_projected_network_logcpm_exact
xz-L-5-8-25_BRRL200007494-1A,xz,5,5,TEa,VIP,1,1,top3_beam_local_top50_top100_zfusion_w0p25,hybrid_projected_network_logcpm_exact
xz-L-VIP-8-25_BRRL200007847-1A,xz,VIP,VIP,MST,LIPd,1,1,top3_beam_local_top50_top100_zfusion_w0p25,hybrid_projected_network_logcpm_exact
xz-L-LIdv-8-25_BRRL200007541-1A,xz,LIPv,MST,VIP,LIPd,0,0,top3_beam_local_top50_top100_zfusion_w0p25,hybrid_projected_network_logcpm_exact
xz-L-7b-8-25_BRRL200007542-1A,xz,7b,TEa,PGa,7a,0,0,top3_beam_local_top50_top100_zfusion_w0p25,hybrid_projected_network_logcpm_exact
xz-L-7op-8-25_BRRL200007543-1A,xz,7op,TEa,Tpt,PGa,0,0,top3_beam_local_top50_top100_zfusion_w0p25,hybrid_projected_network_logcpm_exact
xz-L-CM-8-25_BRRL200007544-1A,xz,CM,A1,MST,3a/b,0,0,top3_beam_local_top50_top100_zfusion_w0p25,hybrid_projected_network_logcpm_exact
xz-L-AI-8-25_BRRL200007545-1A,xz,A1,A1,3a/b,CL,1,1,top3_beam_local_top50_top100_zfusion_w0p25,hybrid_projected_network_logcpm_exact
xz-L-CL-8-25_BRRL200007546-1A,xz,CL,MST,3a/b,LIPd,0,0,top3_beam_local_top50_top100_zfusion_w0p25,hybrid_projected_network_logcpm_exact
xz-L-TEa-8-25_BRRL200007547-1A,xz,TEa,MST,MT,FST,0,0,top3_beam_local_top50_top100_zfusion_w0p25,hybrid_projected_network_logcpm_exact
xz-L-TEo-8-25_BRRL200007548-1A,xz,TEO,MST,FST,MT,0,0,top3_beam_local_top50_top100_zfusion_w0p25,hybrid_projected_network_logcpm_exact
xz-L-TEpv-8-25_BRRL200007549-1A,xz,TEpv,TEad,TEav,TEpv,0,1,top3_beam_local_top50_top100_zfusion_w0p25,hybrid_projected_network_logcpm_exact
xz-L-TFO-8-25_BRRL200007550-1A,xz,TFO,TG,TEav,36c,0,0,top3_beam_local_top50_top100_zfusion_w0p25,hybrid_projected_network_logcpm_exact
xz-R-Pi-8-26_BRRL200007553-1A,xz,Pi,Pi,Ial,Iapm,1,1,top3_beam_local_top50_top100_zfusion_w0p25,hybrid_projected_network_logcpm_exact
xz-R-AL-8-26_BRRL200007554-1A,xz,AL,TEad,G,TAa,0,0,top3_beam_local_top50_top100_zfusion_w0p25,hybrid_projected_network_logcpm_exact
xz-R-STGr-8-26_BRRL200007555-1A,xz,STG,TEav,STG,G,0,1,top3_beam_local_top50_top100_zfusion_w0p25,hybrid_projected_network_logcpm_exact
xz-R-TEad-8-26_BRRL200007556-1A,xz,TEad,TEad,TEav,STG,1,1,top3_beam_local_top50_top100_zfusion_w0p25,hybrid_projected_network_logcpm_exact
xz-L-F6-9-1_BRRL200008306-1A,xz,F6,F7,F2,8Bs,0,0,top3_beam_local_top50_top100_zfusion_w0p25,hybrid_projected_network_logcpm_exact
xz-L-F7-9-1_BRRL200008307-1A,xz,F7,8Bs,8A,45,0,0,top3_beam_local_top50_top100_zfusion_w0p25,hybrid_projected_network_logcpm_exact
xz-L-8Bd-9-1_BRRL200008308-1A,xz,8Bd,F4,F7,F2,0,0,top3_beam_local_top50_top100_zfusion_w0p25,hybrid_projected_network_logcpm_exact
xz-L-8Bs-9-1_BRRL200008309-1A,xz,8Bs,8A,45,7op,0,0,top3_beam_local_top50_top100_zfusion_w0p25,hybrid_projected_network_logcpm_exact
xz-L-8A-9-1_BRRL200008310-1A,xz,8A,LIPd,8A,5,0,1,top3_beam_local_top50_top100_zfusion_w0p25,hybrid_projected_network_logcpm_exact
xz-L-45-9-1_BRRL200008311-1A,xz,45,45,46d,8A,1,1,top3_beam_local_top50_top100_zfusion_w0p25,hybrid_projected_network_logcpm_exact
xz-L-12o-9-1_BRRL200008312-1A,xz,12o,14c,32,12o,0,1,top3_beam_local_top50_top100_zfusion_w0p25,hybrid_projected_network_logcpm_exact
xz-L-13l-9-1_BRRL200008313-1A,xz,13l,13l,13m,12m,1,1,top3_beam_local_top50_top100_zfusion_w0p25,hybrid_projected_network_logcpm_exact
xz-L-13m-9-1_BRRL200008314-1A,xz,13m,12m,PGa,TAa,0,0,top3_beam_local_top50_top100_zfusion_w0p25,hybrid_projected_network_logcpm_exact
xz-L-14c-9-1_BRRL200008315-1A,xz,14c,14c,Ial,Iapl,1,1,top3_beam_local_top50_top100_zfusion_w0p25,hybrid_projected_network_logcpm_exact
xz-R-TEav-9-3_BRRL200008321-1A,xz,TEav,TEad,TEav,TAa,0,1,top3_beam_local_top50_top100_zfusion_w0p25,hybrid_projected_network_logcpm_exact
xz-R-24c-9-3_BRRL200008323-1A,xz,24c,STG,TAa,12m,0,0,top3_beam_local_top50_top100_zfusion_w0p25,hybrid_projected_network_logcpm_exact
20R291,zs,NAcc,Cla,NAcc,pu,0,1,top3_beam_local_top50_top100_zfusion_w0p25,hybrid_projected_network_logcpm_exact
20R293,zs,Iapl,Ig,RM,G,0,0,top3_beam_local_top50_top100_zfusion_w0p25,hybrid_projected_network_logcpm_exact
20R294,zs,Iapm,Ial,Iapm,Iapl,0,1,top3_beam_local_top50_top100_zfusion_w0p25,hybrid_projected_network_logcpm_exact
20R300,zs,F4,ML,1-2,7op,0,0,top3_beam_local_top50_top100_zfusion_w0p25,hybrid_projected_network_logcpm_exact
20R301,zs,G,Ig,SII,RM,0,0,top3_beam_local_top50_top100_zfusion_w0p25,hybrid_projected_network_logcpm_exact
20R302,zs,Iapl,RM,PrCO,Ig,0,0,top3_beam_local_top50_top100_zfusion_w0p25,hybrid_projected_network_logcpm_exact
20R303,zs,Ial,Ial,Pi,32,1,1,top3_beam_local_top50_top100_zfusion_w0p25,hybrid_projected_network_logcpm_exact
20R304,zs,Iapm,Ia,Iapl,Iapm,0,1,top3_beam_local_top50_top100_zfusion_w0p25,hybrid_projected_network_logcpm_exact
20R305,zs,Pir,13l,12o,13m,0,0,top3_beam_local_top50_top100_zfusion_w0p25,hybrid_projected_network_logcpm_exact
20R306,zs,NAcc,NAcc,Cd,pu,1,1,top3_beam_local_top50_top100_zfusion_w0p25,hybrid_projected_network_logcpm_exact
20R307,zs,Id,RT,RTM,Id,0,1,top3_beam_local_top50_top100_zfusion_w0p25,hybrid_projected_network_logcpm_exact
20R308,zs,RTM,RT,RTM,Id,0,1,top3_beam_local_top50_top100_zfusion_w0p25,hybrid_projected_network_logcpm_exact
20R309,zs,LIPd,MST,FST,LIPv,0,0,top3_beam_local_top50_top100_zfusion_w0p25,hybrid_projected_network_logcpm_exact
20R310,zs,7a,7b,7op,Tpt,0,0,top3_beam_local_top50_top100_zfusion_w0p25,hybrid_projected_network_logcpm_exact
20R311,zs,Tpt,7b,7op,1-2,0,0,top3_beam_local_top50_top100_zfusion_w0p25,hybrid_projected_network_logcpm_exact
20R312,zs,TPO,ML,7op,CL,0,0,top3_beam_local_top50_top100_zfusion_w0p25,hybrid_projected_network_logcpm_exact
20R313,zs,MST,FST,MST,V3v,0,1,top3_beam_local_top50_top100_zfusion_w0p25,hybrid_projected_network_logcpm_exact
20R314,zs,FST,FST,MST,V3d,1,1,top3_beam_local_top50_top100_zfusion_w0p25,hybrid_projected_network_logcpm_exact
20R315,zs,TEO,5,7m,VIP,0,0,top3_beam_local_top50_top100_zfusion_w0p25,hybrid_projected_network_logcpm_exact
20R320,zs,8Bm,44,F7,8Bs,0,0,top3_beam_local_top50_top100_zfusion_w0p25,hybrid_projected_network_logcpm_exact
20R321,zs,8Bd,F2,8Bs,44,0,0,top3_beam_local_top50_top100_zfusion_w0p25,hybrid_projected_network_logcpm_exact
20R322,zs,32,24b,32,10m,0,1,top3_beam_local_top50_top100_zfusion_w0p25,hybrid_projected_network_logcpm_exact
20R323,zs,12m,44,45,9d,0,0,top3_beam_local_top50_top100_zfusion_w0p25,hybrid_projected_network_logcpm_exact
20R324,zs,F4,CL,7m,3a/b,0,0,top3_beam_local_top50_top100_zfusion_w0p25,hybrid_projected_network_logcpm_exact
20R325,zs,G,1-2,AL,R,0,0,top3_beam_local_top50_top100_zfusion_w0p25,hybrid_projected_network_logcpm_exact
20R326,zs,PrCO,1-2,ML,7op,0,0,top3_beam_local_top50_top100_zfusion_w0p25,hybrid_projected_network_logcpm_exact
20R327,zs,Iapl,Ig,RM,G,0,0,top3_beam_local_top50_top100_zfusion_w0p25,hybrid_projected_network_logcpm_exact
20R328,zs,Iapm,Ia,Iapl,Iapm,0,1,top3_beam_local_top50_top100_zfusion_w0p25,hybrid_projected_network_logcpm_exact
20R331,zs,8Bd,12l,9d,12r,0,0,top3_beam_local_top50_top100_zfusion_w0p25,hybrid_projected_network_logcpm_exact
20R332,zs,F6,8Bd,44,9d,0,0,top3_beam_local_top50_top100_zfusion_w0p25,hybrid_projected_network_logcpm_exact
20R335,zs,13l,12r,12l,9d,0,0,top3_beam_local_top50_top100_zfusion_w0p25,hybrid_projected_network_logcpm_exact
20R336,zs,GP,NAcc,Cd,GP,0,1,top3_beam_local_top50_top100_zfusion_w0p25,hybrid_projected_network_logcpm_exact
20R337,zs,24c',9d,23b,23c,0,0,top3_beam_local_top50_top100_zfusion_w0p25,hybrid_projected_network_logcpm_exact
20R338,zs,RTM,RTM,Ia,Id,1,1,top3_beam_local_top50_top100_zfusion_w0p25,hybrid_projected_network_logcpm_exact
20R340,zs,RTL,AL,SII,TAa,0,0,top3_beam_local_top50_top100_zfusion_w0p25,hybrid_projected_network_logcpm_exact
20R341,zs,Pi,Ia,RTM,Iapl,0,0,top3_beam_local_top50_top100_zfusion_w0p25,hybrid_projected_network_logcpm_exact
20R342,zs,Ia,Pi,RTM,Ia,0,1,top3_beam_local_top50_top100_zfusion_w0p25,hybrid_projected_network_logcpm_exact
20R343,zs,13m,12l,12m,12r,0,0,top3_beam_local_top50_top100_zfusion_w0p25,hybrid_projected_network_logcpm_exact
20R344,zs,13l,13l,13m,11l,1,1,top3_beam_local_top50_top100_zfusion_w0p25,hybrid_projected_network_logcpm_exact
20R345,zs,14c,13a,13b,14c,0,1,top3_beam_local_top50_top100_zfusion_w0p25,hybrid_projected_network_logcpm_exact
20R346,zs,GP,GP,Tha,Amy,1,1,top3_beam_local_top50_top100_zfusion_w0p25,hybrid_projected_network_logcpm_exact
20R347,zs,GP,GP,Amy,HC,1,1,top3_beam_local_top50_top100_zfusion_w0p25,hybrid_projected_network_logcpm_exact
