module4,module20,celltype,modulesize,markersize,intersect,or,fdr,significant,Unnamed: 9,Unnamed: 10,marker genes define,Unnamed: 12,module4.1,celltype.1,modulesize.1,markersize.1,intersect.1,or.1,fdr.1,significant.1
M1,turquoise,ExN,4736,154,56,1.84749772,0.0005576479,Enrich,,,avg_log2FC >=1 & p_val_adj <0.05,,M1,ExN,5901.0,154.0,66.0,1.7963967,0.0006973011,Enrich
M1,turquoise,InN,4736,110,43,2.07359118,0.0005121842,Enrich,,,,,M1,InN,5901.0,110.0,50.0,1.9946725,0.0006973011,Enrich
M1,turquoise,Micro,4736,290,118,2.23692265,4.602862e-10,Enrich,,,,,M1,Micro,5901.0,290.0,133.0,2.0426208,1.317679e-08,Enrich
M1,turquoise,Astro,4736,258,73,1.2731286,0.08994184,False,,,,,M1,Astro,5901.0,258.0,91.0,1.3034844,0.04635526,Enrich
M1,turquoise,Oligo,4736,292,18,0.20825421,7.664393e-15,Absence,,,,,M1,Oligo,5901.0,292.0,24.0,0.2102326,2.521572e-18,Absence
M1,turquoise,OPC,4736,170,72,2.3835445,2.052746e-07,Enrich,,,,,M1,OPC,5901.0,170.0,81.0,2.1854657,1.641732e-06,Enrich
M1,turquoise,NNC,4736,242,43,0.69209834,0.03204993,Absence,,,,,M1,NNC,5901.0,242.0,93.0,1.4954608,0.003348018,Enrich
M1,lightgreen,ExN,141,154,7,6.99236349,0.0007904325,Enrich,,,,,M2,ExN,3838.0,154.0,36.0,1.2846762,0.2138173,False
M1,lightgreen,InN,141,110,4,5.43100433,0.02703364,Enrich,,,,,M2,InN,3838.0,110.0,17.0,0.7671219,0.3950095,False
M1,lightgreen,Micro,141,290,2,0.97607031,1.0,False,,,,,M2,Micro,3838.0,290.0,45.0,0.7691353,0.1608007,False
M1,lightgreen,Astro,141,258,3,1.66830697,0.5057901,False,,,,,M2,Astro,3838.0,258.0,35.0,0.6564204,0.04202256,Absence
M1,lightgreen,Oligo,141,292,0,0.0,0.3873453,False,,,,,M2,Oligo,3838.0,292.0,40.0,0.6635244,0.04202256,Absence
M1,lightgreen,OPC,141,170,3,2.55874955,0.2087096,False,,,,,M2,OPC,3838.0,170.0,21.0,0.5900312,0.04202256,Absence
M1,lightgreen,NNC,141,242,4,2.40256619,0.2087096,False,,,,,M2,NNC,3838.0,242.0,30.0,0.5914761,0.03657733,Absence
M1,magenta,ExN,491,154,0,0.0,0.0619143,False,,,,,M3,ExN,4968.0,154.0,34.0,0.8548345,0.6371941,False
M1,magenta,InN,491,110,3,1.11275533,0.8482728,False,,,,,M3,InN,4968.0,110.0,27.0,0.9824861,1.0,False
M1,magenta,Micro,491,290,6,0.83597237,0.8482728,False,,,,,M3,Micro,4968.0,290.0,72.0,0.9975743,1.0,False
M1,magenta,Astro,491,258,13,2.13454674,0.03121437,Enrich,,,,,M3,Astro,4968.0,258.0,98.0,1.8670479,1.01673e-05,Enrich
M1,magenta,Oligo,491,292,1,0.13457151,0.03121437,Absence,,,,,M3,Oligo,4968.0,292.0,212.0,8.3170278,7.735414e-66,Enrich
M1,magenta,OPC,491,170,3,0.71076795,0.8482728,False,,,,,M3,OPC,4968.0,170.0,48.0,1.1902781,0.5719372,False
M1,magenta,NNC,491,242,40,8.45975521,5.982049e-21,Enrich,,,,,M3,NNC,4968.0,242.0,91.0,1.8355156,2.83367e-05,Enrich
M1,greenyellow,ExN,379,154,2,0.67832246,1.0,False,,,,,M4,ExN,1877.0,154.0,6.0,0.388985,0.03414425,Absence
M1,greenyellow,InN,379,110,0,0.0,0.6480159,False,,,,,M4,InN,1877.0,110.0,4.0,0.3625344,0.04590013,Absence
M1,greenyellow,Micro,379,290,5,0.90543613,1.0,False,,,,,M4,Micro,1877.0,290.0,16.0,0.5593414,0.03414425,Absence
M1,greenyellow,Astro,379,258,0,0.0,0.1227111,False,,,,,M4,Astro,1877.0,258.0,16.0,0.6344386,0.09907559,False
M1,greenyellow,Oligo,379,292,1,0.17545916,0.1690353,False,,,,,M4,Oligo,1877.0,292.0,6.0,0.199747,5.382646e-06,Absence
M1,greenyellow,OPC,379,170,3,0.92782849,1.0,False,,,,,M4,OPC,1877.0,170.0,10.0,0.600562,0.1445308,False
M1,greenyellow,NNC,379,242,5,1.09150693,1.0,False,,,,,M4,NNC,1877.0,242.0,12.0,0.4999202,0.03414425,Absence
M1,grey60,ExN,154,154,1,0.83981191,1.0,False,,,,,,,,,,,,
M1,grey60,InN,154,110,0,0.0,1.0,False,,,,,,,,,,,,
M1,grey60,Micro,154,290,2,0.89200037,1.0,False,,,,,,,,,,,,
M1,grey60,Astro,154,258,2,1.0051399,1.0,False,,,,,,,,,,,,
M1,grey60,Oligo,154,292,4,1.80762484,1.0,False,,,,,,,,,,,,
M1,grey60,OPC,154,170,0,0.0,1.0,False,,,,,,,,,,,,
M1,grey60,NNC,154,242,1,0.53077999,1.0,False,,,,,,,,,,,,
M2,brown,ExN,2156,154,11,0.63357886,0.357022,False,,,,,,,,,,,,
M2,brown,InN,2156,110,8,0.64659632,0.4920314,False,,,,,,,,,,,,
M2,brown,Micro,2156,290,28,0.88126482,0.6331982,False,,,,,,,,,,,,
M2,brown,Astro,2156,258,24,0.84550722,0.5609347,False,,,,,,,,,,,,
M2,brown,Oligo,2156,292,36,1.16438454,0.5491974,False,,,,,,,,,,,,
M2,brown,OPC,2156,170,11,0.56930857,0.2826933,False,,,,,,,,,,,,
M2,brown,NNC,2156,242,14,0.50402707,0.06253579,False,,,,,,,,,,,,
M2,black,ExN,590,154,4,0.87490829,1.0,False,,,,,,,,,,,,
M2,black,InN,590,110,3,0.92036521,1.0,False,,,,,,,,,,,,
M2,black,Micro,590,290,4,0.45563219,0.2756181,False,,,,,,,,,,,,
M2,black,Astro,590,258,2,0.25404892,0.1227231,False,,,,,,,,,,,,
M2,black,Oligo,590,292,0,0.0,0.002237701,Absence,,,,,,,,,,,,
M2,black,OPC,590,170,4,0.78992447,1.0,False,,,,,,,,,,,,
M2,black,NNC,590,242,2,0.27121202,0.1227231,False,,,,,,,,,,,,
M2,tan,ExN,354,154,1,0.3602978,0.9294134,False,,,,,,,,,,,,
M2,tan,InN,354,110,0,0.0,0.6319752,False,,,,,,,,,,,,
M2,tan,Micro,354,290,4,0.77227583,0.9591169,False,,,,,,,,,,,,
M2,tan,Astro,354,258,4,0.8710065,1.0,False,,,,,,,,,,,,
M2,tan,Oligo,354,292,0,0.0,0.0793886,False,,,,,,,,,,,,
M2,tan,OPC,354,170,2,0.65761347,0.9591169,False,,,,,,,,,,,,
M2,tan,NNC,354,242,0,0.0,0.08500745,False,,,,,,,,,,,,
M2,pink,ExN,537,154,0,0.0,0.1344328,False,,,,,,,,,,,,
M2,pink,InN,537,110,0,0.0,0.293837,False,,,,,,,,,,,,
M2,pink,Micro,537,290,8,1.02680637,0.8547406,False,,,,,,,,,,,,
M2,pink,Astro,537,258,5,0.7123623,0.6576166,False,,,,,,,,,,,,
M2,pink,Oligo,537,292,2,0.24672569,0.1344328,False,,,,,,,,,,,,
M2,pink,OPC,537,170,2,0.4286062,0.5872845,False,,,,,,,,,,,,
M2,pink,NNC,537,242,4,0.60514603,0.5923537,False,,,,,,,,,,,,
M2,salmon,ExN,201,154,20,16.17840657,6.040835e-16,Enrich,,,,,,,,,,,,
M2,salmon,InN,201,110,6,5.8154901,0.002026811,Enrich,,,,,,,,,,,,
M2,salmon,Micro,201,290,1,0.3369522,0.5277427,False,,,,,,,,,,,,
M2,salmon,Astro,201,258,0,0.0,0.2083735,False,,,,,,,,,,,,
M2,salmon,Oligo,201,292,2,0.67493688,1.0,False,,,,,,,,,,,,
M2,salmon,OPC,201,170,2,1.17233796,0.805085,False,,,,,,,,,,,,
M2,salmon,NNC,201,242,10,4.4074001,0.0006237596,Enrich,,,,,,,,,,,,
M3,red,ExN,865,154,2,0.28927066,0.09844936,False,,,,,,,,,,,,
M3,red,InN,865,110,0,0.0,0.0366406,Absence,,,,,,,,,,,,
M3,red,Micro,865,290,4,0.30601205,0.02887552,Absence,,,,,,,,,,,,
M3,red,Astro,865,258,10,0.89021659,0.8773683,False,,,,,,,,,,,,
M3,red,Oligo,865,292,1,0.07492776,0.0004293405,Absence,,,,,,,,,,,,
M3,red,OPC,865,170,2,0.2615005,0.06343825,False,,,,,,,,,,,,
M3,red,NNC,865,242,5,0.46333737,0.1264643,False,,,,,,,,,,,,
M3,blue,ExN,2738,154,31,1.59317317,0.04373579,Enrich,,,,,,,,,,,,
M3,blue,InN,2738,110,26,1.9575032,0.01707625,Enrich,,,,,,,,,,,,
M3,blue,Micro,2738,290,31,0.7506231,0.143681,False,,,,,,,,,,,,
M3,blue,Astro,2738,258,47,1.409166,0.06206665,False,,,,,,,,,,,,
M3,blue,Oligo,2738,292,24,0.55987297,0.01707625,Absence,,,,,,,,,,,,
M3,blue,OPC,2738,170,16,0.6519886,0.1355745,False,,,,,,,,,,,,
M3,blue,NNC,2738,242,48,1.56739295,0.01900577,Enrich,,,,,,,,,,,,
M3,yellow,ExN,1108,154,0,0.0,0.0004117638,Absence,,,,,,,,,,,,
M3,yellow,InN,1108,110,1,0.1553901,0.03819831,Absence,,,,,,,,,,,,
M3,yellow,Micro,1108,290,35,2.37965568,3.319808e-05,Enrich,,,,,,,,,,,,
M3,yellow,Astro,1108,258,29,2.1862624,0.0004117638,Enrich,,,,,,,,,,,,
M3,yellow,Oligo,1108,292,187,36.24027514,3.274363e-162,Enrich,,,,,,,,,,,,
M3,yellow,OPC,1108,170,28,3.41672977,7.630194e-07,Enrich,,,,,,,,,,,,
M3,yellow,NNC,1108,242,17,1.29038023,0.3202913,False,,,,,,,,,,,,
M3,lightyellow,ExN,141,154,0,0.0,0.8833514,False,,,,,,,,,,,,
M3,lightyellow,InN,141,110,0,0.0,1.0,False,,,,,,,,,,,,
M3,lightyellow,Micro,141,290,2,0.97607031,1.0,False,,,,,,,,,,,,
M3,lightyellow,Astro,141,258,11,6.70503974,7.941812e-06,Enrich,,,,,,,,,,,,
M3,lightyellow,Oligo,141,292,0,0.0,0.5917155,False,,,,,,,,,,,,
M3,lightyellow,OPC,141,170,2,1.68347397,0.5917155,False,,,,,,,,,,,,
M3,lightyellow,NNC,141,242,21,15.51611074,2.542776e-16,Enrich,,,,,,,,,,,,
M3,royalblue,ExN,116,154,1,1.11945803,0.8812514,False,,,,,,,,,,,,
M3,royalblue,InN,116,110,0,0.0,1.0,False,,,,,,,,,,,,
M3,royalblue,Micro,116,290,0,0.0,0.8812514,False,,,,,,,,,,,,
M3,royalblue,Astro,116,258,1,0.66294452,1.0,False,,,,,,,,,,,,
M3,royalblue,Oligo,116,292,0,0.0,0.8812514,False,,,,,,,,,,,,
M3,royalblue,OPC,116,170,0,0.0,0.8812514,False,,,,,,,,,,,,
M3,royalblue,NNC,116,242,0,0.0,0.8812514,False,,,,,,,,,,,,
M4,cyan,ExN,191,154,3,2.07372539,0.3207815,False,,,,,,,,,,,,
M4,cyan,InN,191,110,3,2.9328547,0.207134,False,,,,,,,,,,,,
M4,cyan,Micro,191,290,2,0.71602245,1.0,False,,,,,,,,,,,,
M4,cyan,Astro,191,258,2,0.8068446,1.0,False,,,,,,,,,,,,
M4,cyan,Oligo,191,292,1,0.35239538,0.7482882,False,,,,,,,,,,,,
M4,cyan,OPC,191,170,7,4.57714888,0.008911892,Enrich,,,,,,,,,,,,
M4,cyan,NNC,191,242,6,2.68484012,0.1022201,False,,,,,,,,,,,,
M4,green,ExN,945,154,3,0.39844018,0.1745463,False,,,,,,,,,,,,
M4,green,InN,945,110,1,0.18400973,0.1163755,False,,,,,,,,,,,,
M4,green,Micro,945,290,10,0.71665865,0.4675908,False,,,,,,,,,,,,
M4,green,Astro,945,258,10,0.81051326,0.6567582,False,,,,,,,,,,,,
M4,green,Oligo,945,292,4,0.27681309,0.01877135,Absence,,,,,,,,,,,,
M4,green,OPC,945,170,1,0.11828634,0.01877135,Absence,,,,,,,,,,,,
M4,green,NNC,945,242,4,0.33586001,0.04838061,Absence,,,,,,,,,,,,
M4,purple,ExN,399,154,0,0.0,0.1391177,False,,,,,,,,,,,,
M4,purple,InN,399,110,0,0.0,0.2487671,False,,,,,,,,,,,,
M4,purple,Micro,399,290,1,0.16763946,0.1170438,False,,,,,,,,,,,,
M4,purple,Astro,399,258,3,0.57374814,0.4979192,False,,,,,,,,,,,,
M4,purple,Oligo,399,292,0,0.0,0.03492685,Absence,,,,,,,,,,,,
M4,purple,OPC,399,170,0,0.0,0.1238467,False,,,,,,,,,,,,
M4,purple,NNC,399,242,2,0.40570081,0.2897005,False,,,,,,,,,,,,
M4,lightcyan,ExN,166,154,0,0.0,0.8606733,False,,,,,,,,,,,,
M4,lightcyan,InN,166,110,0,0.0,1.0,False,,,,,,,,,,,,
M4,lightcyan,Micro,166,290,1,0.40916826,0.8606733,False,,,,,,,,,,,,
M4,lightcyan,Astro,166,258,0,0.0,0.8606733,False,,,,,,,,,,,,
M4,lightcyan,Oligo,166,292,1,0.40631445,0.8606733,False,,,,,,,,,,,,
M4,lightcyan,OPC,166,170,2,1.42502613,0.8606733,False,,,,,,,,,,,,
M4,lightcyan,NNC,166,242,0,0.0,0.8606733,False,,,,,,,,,,,,
M4,midnightblue,ExN,176,154,0,0.0,1.0,False,,,,,,,,,,,,
M4,midnightblue,InN,176,110,0,0.0,1.0,False,,,,,,,,,,,,
M4,midnightblue,Micro,176,290,2,0.77834492,1.0,False,,,,,,,,,,,,
M4,midnightblue,Astro,176,258,1,0.43431072,1.0,False,,,,,,,,,,,,
M4,midnightblue,Oligo,176,292,0,0.0,0.9571977,False,,,,,,,,,,,,
M4,midnightblue,OPC,176,170,0,0.0,0.9571977,False,,,,,,,,,,,,
M4,midnightblue,NNC,176,242,0,0.0,0.9571977,False,,,,,,,,,,,,
