module4,module20,celltype,modulesize,markersize,intersect,or,fdr,significant
M1,turquoise,Ex_0,4736,5,0,0.0,0.7729523,False
M1,turquoise,Ex_1,4736,20,4,0.80379483,1.0,False
M1,turquoise,Ex_2,4736,59,29,3.1213672,5.042697e-05,Enrich
M1,turquoise,Ex_3,4736,20,8,2.14574801,0.1873891,False
M1,turquoise,Ex_4,4736,95,22,0.96898824,1.0,False
M1,turquoise,Ex_5,4736,82,30,1.86058836,0.01941945,Enrich
M1,turquoise,oligo_0,4736,85,3,0.11709791,1.722301e-06,Absence
M1,turquoise,Inh_0,4736,159,65,2.240634,5.492225e-06,Enrich
M1,turquoise,oligo_1,4736,398,38,0.33410099,6.227684e-12,Absence
M1,turquoise,Inh_1,4736,222,68,1.42605043,0.03441786,Enrich
M1,turquoise,Ex_6,4736,1,0,0.0,1.0,False
M1,turquoise,Ex_7,4736,46,8,0.67648672,0.6078186,False
M1,turquoise,Ex_8,4736,30,3,0.35690479,0.1586188,False
M1,turquoise,Ex_9,4736,123,56,2.70785937,3.79378e-07,Enrich
M1,turquoise,Inh_2,4736,172,76,2.57090203,2.801665e-08,Enrich
M1,turquoise,Micro,4736,234,92,2.10489729,3.79378e-07,Enrich
M1,turquoise,Ex_10,4736,175,45,1.11425579,0.7729523,False
M1,turquoise,Ex_11,4736,6,2,1.60810991,0.7729523,False
M1,turquoise,AST_0,4736,518,128,1.05698246,0.7729523,False
M1,turquoise,OPC,4736,277,113,2.24539296,2.452964e-09,Enrich
M1,turquoise,AST_1,4736,230,56,1.03538716,0.9439762,False
M1,turquoise,Ex_12,4736,199,84,2.37317189,3.916309e-08,Enrich
M1,lightgreen,Ex_0,141,5,0,0.0,1.0,False
M1,lightgreen,Ex_1,141,20,1,7.44407228,0.2423904,False
M1,lightgreen,Ex_2,141,59,6,16.56910967,8.123102e-05,Enrich
M1,lightgreen,Ex_3,141,20,1,7.44407228,0.2423904,False
M1,lightgreen,Ex_4,141,95,4,6.32990846,0.01270019,Enrich
M1,lightgreen,Ex_5,141,82,5,9.42662444,0.001269435,Enrich
M1,lightgreen,oligo_0,141,85,0,0.0,1.0,False
M1,lightgreen,Inh_0,141,159,5,4.6952277,0.01334038,Enrich
M1,lightgreen,oligo_1,141,398,2,0.70595413,1.0,False
M1,lightgreen,Inh_1,141,222,7,4.76378015,0.003224091,Enrich
M1,lightgreen,Ex_6,141,1,0,0.0,1.0,False
M1,lightgreen,Ex_7,141,46,1,3.13929725,0.4375874,False
M1,lightgreen,Ex_8,141,30,1,4.87459876,0.32434,False
M1,lightgreen,Ex_9,141,123,6,7.4845195,0.001269435,Enrich
M1,lightgreen,Inh_2,141,172,8,7.20994018,0.0003393121,Enrich
M1,lightgreen,Micro,141,234,1,0.60062493,1.0,False
M1,lightgreen,Ex_10,141,175,7,6.11071641,0.001269435,Enrich
M1,lightgreen,Ex_11,141,6,1,28.29355074,0.09159938,False
M1,lightgreen,AST_0,141,518,3,0.81511878,1.0,False
M1,lightgreen,OPC,141,277,2,1.02289599,0.9945148,False
M1,lightgreen,AST_1,141,230,2,1.2366989,0.9945148,False
M1,lightgreen,Ex_12,141,199,7,5.3412427,0.001977507,Enrich
M1,magenta,Ex_0,491,5,0,0.0,1.0,False
M1,magenta,Ex_1,491,20,0,0.0,1.0,False
M1,magenta,Ex_2,491,59,2,1.39327016,1.0,False
M1,magenta,Ex_3,491,20,1,2.08967599,1.0,False
M1,magenta,Ex_4,491,95,1,0.42078966,1.0,False
M1,magenta,Ex_5,491,82,0,0.0,0.9205008,False
M1,magenta,oligo_0,491,85,0,0.0,0.9205008,False
M1,magenta,Inh_0,491,159,6,1.5622532,0.9205008,False
M1,magenta,oligo_1,491,398,3,0.29696037,0.1528991,False
M1,magenta,Inh_1,491,222,4,0.72555166,1.0,False
M1,magenta,Ex_6,491,1,0,0.0,1.0,False
M1,magenta,Ex_7,491,46,1,0.8811842,1.0,False
M1,magenta,Ex_8,491,30,0,0.0,1.0,False
M1,magenta,Ex_9,491,123,3,0.99154755,1.0,False
M1,magenta,Inh_2,491,172,3,0.70228398,1.0,False
M1,magenta,Micro,491,234,20,3.821513,3.28446e-05,Enrich
M1,magenta,Ex_10,491,175,2,0.45634089,1.0,False
M1,magenta,Ex_11,491,6,0,0.0,1.0,False
M1,magenta,AST_0,491,518,21,1.70608003,0.16034,False
M1,magenta,OPC,491,277,6,0.87666641,1.0,False
M1,magenta,AST_1,491,230,13,2.41339186,0.05185564,False
M1,magenta,Ex_12,491,199,3,0.60469615,1.0,False
M1,greenyellow,Ex_0,379,5,0,0.0,1.0,False
M1,greenyellow,Ex_1,379,20,0,0.0,1.0,False
M1,greenyellow,Ex_2,379,59,1,0.89076378,1.0,False
M1,greenyellow,Ex_3,379,20,0,0.0,1.0,False
M1,greenyellow,Ex_4,379,95,1,0.54861591,1.0,False
M1,greenyellow,Ex_5,379,82,1,0.63708734,1.0,False
M1,greenyellow,oligo_0,379,85,0,0.0,1.0,False
M1,greenyellow,Inh_0,379,159,0,0.0,0.43611,False
M1,greenyellow,oligo_1,379,398,1,0.12790607,0.1782007,False
M1,greenyellow,Inh_1,379,222,0,0.0,0.1808896,False
M1,greenyellow,Ex_6,379,1,0,0.0,1.0,False
M1,greenyellow,Ex_7,379,46,1,1.14884368,1.0,False
M1,greenyellow,Ex_8,379,30,0,0.0,1.0,False
M1,greenyellow,Ex_9,379,123,0,0.0,0.6575243,False
M1,greenyellow,Inh_2,379,172,1,0.30038011,1.0,False
M1,greenyellow,Micro,379,234,3,0.66856497,1.0,False
M1,greenyellow,Ex_10,379,175,4,1.21111973,1.0,False
M1,greenyellow,Ex_11,379,6,1,10.35836234,0.4780008,False
M1,greenyellow,AST_0,379,518,6,0.59929815,0.7978929,False
M1,greenyellow,OPC,379,277,3,0.56239437,1.0,False
M1,greenyellow,AST_1,379,230,0,0.0,0.1808896,False
M1,greenyellow,Ex_12,379,199,2,0.52216742,1.0,False
M1,grey60,Ex_0,154,5,0,0.0,1.0,False
M1,grey60,Ex_1,154,20,0,0.0,1.0,False
M1,grey60,Ex_2,154,59,0,0.0,1.0,False
M1,grey60,Ex_3,154,20,0,0.0,1.0,False
M1,grey60,Ex_4,154,95,0,0.0,1.0,False
M1,grey60,Ex_5,154,82,0,0.0,1.0,False
M1,grey60,oligo_0,154,85,0,0.0,1.0,False
M1,grey60,Inh_0,154,159,0,0.0,1.0,False
M1,grey60,oligo_1,154,398,4,1.31422437,1.0,False
M1,grey60,Inh_1,154,222,0,0.0,1.0,False
M1,grey60,Ex_6,154,1,0,0.0,1.0,False
M1,grey60,Ex_7,154,46,0,0.0,1.0,False
M1,grey60,Ex_8,154,30,0,0.0,1.0,False
M1,grey60,Ex_9,154,123,0,0.0,1.0,False
M1,grey60,Inh_2,154,172,0,0.0,1.0,False
M1,grey60,Micro,154,234,1,0.54922813,1.0,False
M1,grey60,Ex_10,154,175,0,0.0,1.0,False
M1,grey60,Ex_11,154,6,0,0.0,1.0,False
M1,grey60,AST_0,154,518,2,0.49205476,1.0,False
M1,grey60,OPC,154,277,0,0.0,1.0,False
M1,grey60,AST_1,154,230,0,0.0,1.0,False
M1,grey60,Ex_12,154,199,0,0.0,1.0,False
M2,brown,Ex_0,2156,5,0,0.0,1.0,False
M2,brown,Ex_1,2156,20,1,0.43452258,0.8758595,False
M2,brown,Ex_2,2156,59,5,0.76435407,0.9638342,False
M2,brown,Ex_3,2156,20,4,2.06706183,0.4255445,False
M2,brown,Ex_4,2156,95,7,0.65599364,0.5564893,False
M2,brown,Ex_5,2156,82,5,0.53534286,0.4255445,False
M2,brown,oligo_0,2156,85,3,0.3012586,0.1211048,False
M2,brown,Inh_0,2156,159,8,0.43556973,0.1211048,False
M2,brown,oligo_1,2156,398,50,1.19130192,0.4255445,False
M2,brown,Inh_1,2156,222,14,0.55311806,0.1211048,False
M2,brown,Ex_6,2156,1,0,0.0,1.0,False
M2,brown,Ex_7,2156,46,1,0.18319976,0.1788593,False
M2,brown,Ex_8,2156,30,0,0.0,0.1913963,False
M2,brown,Ex_9,2156,123,10,0.72979106,0.6009688,False
M2,brown,Inh_2,2156,172,8,0.40074846,0.1211048,False
M2,brown,Micro,2156,234,15,0.56277054,0.1211048,False
M2,brown,Ex_10,2156,175,14,0.71648861,0.4255445,False
M2,brown,Ex_11,2156,6,0,0.0,1.0,False
M2,brown,AST_0,2156,518,47,0.8204218,0.4255445,False
M2,brown,OPC,2156,277,25,0.81742453,0.5564893,False
M2,brown,AST_1,2156,230,14,0.53239079,0.1211048,False
M2,brown,Ex_12,2156,199,16,0.72017814,0.4255445,False
M2,black,Ex_0,590,5,0,0.0,1.0,False
M2,black,Ex_1,590,20,1,1.72962674,0.7091851,False
M2,black,Ex_2,590,59,0,0.0,0.7091851,False
M2,black,Ex_3,590,20,0,0.0,1.0,False
M2,black,Ex_4,590,95,2,0.70526095,1.0,False
M2,black,Ex_5,590,82,0,0.0,0.4513095,False
M2,black,oligo_0,590,85,0,0.0,0.4513095,False
M2,black,Inh_0,590,159,3,0.62967785,0.8219015,False
M2,black,oligo_1,590,398,0,0.0,0.0003107401,Absence
M2,black,Inh_1,590,222,1,0.14713317,0.08879247,False
M2,black,Ex_6,590,1,0,0.0,1.0,False
M2,black,Ex_7,590,46,2,1.49436842,0.7091851,False
M2,black,Ex_8,590,30,1,1.13265349,0.8162648,False
M2,black,Ex_9,590,123,2,0.54127624,0.8162648,False
M2,black,Inh_2,590,172,2,0.38428584,0.5527566,False
M2,black,Micro,590,234,3,0.42358384,0.4513095,False
M2,black,Ex_10,590,175,7,1.37274197,0.7091851,False
M2,black,Ex_11,590,6,0,0.0,1.0,False
M2,black,AST_0,590,518,6,0.37854387,0.08526777,False
M2,black,OPC,590,277,3,0.35630821,0.2606787,False
M2,black,AST_1,590,230,0,0.0,0.0260786,Absence
M2,black,Ex_12,590,199,1,0.16442968,0.1459979,False
M2,tan,Ex_0,354,5,0,0.0,1.0,False
M2,tan,Ex_1,354,20,0,0.0,1.0,False
M2,tan,Ex_2,354,59,0,0.0,1.0,False
M2,tan,Ex_3,354,20,0,0.0,1.0,False
M2,tan,Ex_4,354,95,3,1.8132956,1.0,False
M2,tan,Ex_5,354,82,0,0.0,1.0,False
M2,tan,oligo_0,354,85,0,0.0,1.0,False
M2,tan,Inh_0,354,159,1,0.34880491,1.0,False
M2,tan,oligo_1,354,398,1,0.13714269,0.2521974,False
M2,tan,Inh_1,354,222,4,1.01672596,1.0,False
M2,tan,Ex_6,354,1,0,0.0,1.0,False
M2,tan,Ex_7,354,46,0,0.0,1.0,False
M2,tan,Ex_8,354,30,0,0.0,1.0,False
M2,tan,Ex_9,354,123,0,0.0,1.0,False
M2,tan,Inh_2,354,172,0,0.0,0.7387624,False
M2,tan,Micro,354,234,2,0.47464043,1.0,False
M2,tan,Ex_10,354,175,3,0.96601236,1.0,False
M2,tan,Ex_11,354,6,0,0.0,1.0,False
M2,tan,AST_0,354,518,8,0.8660143,1.0,False
M2,tan,OPC,354,277,1,0.19844483,0.7387624,False
M2,tan,AST_1,354,230,3,0.72989362,1.0,False
M2,tan,Ex_12,354,199,3,0.84668339,1.0,False
M2,pink,Ex_0,537,5,0,0.0,1.0,False
M2,pink,Ex_1,537,20,0,0.0,1.0,False
M2,pink,Ex_2,537,59,0,0.0,0.7540424,False
M2,pink,Ex_3,537,20,0,0.0,1.0,False
M2,pink,Ex_4,537,95,0,0.0,0.4586602,False
M2,pink,Ex_5,537,82,1,0.44565475,1.0,False
M2,pink,oligo_0,537,85,0,0.0,0.4586602,False
M2,pink,Inh_0,537,159,1,0.22755219,0.4586602,False
M2,pink,oligo_1,537,398,9,0.8343126,1.0,False
M2,pink,Inh_1,537,222,1,0.16213304,0.2754916,False
M2,pink,Ex_6,537,1,0,0.0,1.0,False
M2,pink,Ex_7,537,46,0,0.0,1.0,False
M2,pink,Ex_8,537,30,0,0.0,1.0,False
M2,pink,Ex_9,537,123,2,0.59653468,1.0,False
M2,pink,Inh_2,537,172,1,0.21010576,0.4376804,False
M2,pink,Micro,537,234,2,0.30934067,0.4376804,False
M2,pink,Ex_10,537,175,0,0.0,0.2754916,False
M2,pink,Ex_11,537,6,0,0.0,1.0,False
M2,pink,AST_0,537,518,10,0.70676216,0.6706304,False
M2,pink,OPC,537,277,2,0.26038717,0.2754916,False
M2,pink,AST_1,537,230,3,0.4752392,0.6578684,False
M2,pink,Ex_12,537,199,2,0.36496278,0.4586602,False
M2,salmon,Ex_0,201,5,1,24.67610334,0.1085416,False
M2,salmon,Ex_1,201,20,4,25.03577365,0.00046821,Enrich
M2,salmon,Ex_2,201,59,3,5.33211426,0.05948461,False
M2,salmon,Ex_3,201,20,1,5.19526044,0.2371864,False
M2,salmon,Ex_4,201,95,10,12.11615274,9.036397e-07,Enrich
M2,salmon,Ex_5,201,82,4,5.12421587,0.02975187,Enrich
M2,salmon,oligo_0,201,85,1,1.17147621,0.6688303,False
M2,salmon,Inh_0,201,159,4,2.56862299,0.1543067,False
M2,salmon,oligo_1,201,398,1,0.24392021,0.2395747,False
M2,salmon,Inh_1,201,222,6,2.7844825,0.06150466,False
M2,salmon,Ex_6,201,1,0,0.0,1.0,False
M2,salmon,Ex_7,201,46,4,9.53186488,0.006427799,Enrich
M2,salmon,Ex_8,201,30,3,11.06804753,0.01224757,Enrich
M2,salmon,Ex_9,201,123,6,5.16622245,0.006809875,Enrich
M2,salmon,Inh_2,201,172,4,2.36826011,0.1762425,False
M2,salmon,Micro,201,234,0,0.0,0.2371864,False
M2,salmon,Ex_10,201,175,9,5.53315613,0.0005318152,Enrich
M2,salmon,Ex_11,201,6,0,0.0,1.0,False
M2,salmon,AST_0,201,518,2,0.37492923,0.2371864,False
M2,salmon,OPC,201,277,2,0.71229861,1.0,False
M2,salmon,AST_1,201,230,0,0.0,0.2371864,False
M2,salmon,Ex_12,201,199,4,2.03775998,0.2371864,False
M3,red,Ex_0,865,5,0,0.0,1.0,False
M3,red,Ex_1,865,20,0,0.0,1.0,False
M3,red,Ex_2,865,59,0,0.0,0.3690345,False
M3,red,Ex_3,865,20,0,0.0,1.0,False
M3,red,Ex_4,865,95,0,0.0,0.1149905,False
M3,red,Ex_5,865,82,2,0.55168846,0.8574842,False
M3,red,oligo_0,865,85,0,0.0,0.131311,False
M3,red,Inh_0,865,159,0,0.0,0.0102589,Absence
M3,red,oligo_1,865,398,1,0.05461106,1.390449e-05,Absence
M3,red,Inh_1,865,222,6,0.61143908,0.5357094,False
M3,red,Ex_6,865,1,0,0.0,1.0,False
M3,red,Ex_7,865,46,0,0.0,0.4899812,False
M3,red,Ex_8,865,30,0,0.0,0.8574842,False
M3,red,Ex_9,865,123,0,0.0,0.0282511,Absence
M3,red,Inh_2,865,172,3,0.39035929,0.2802938,False
M3,red,Micro,865,234,2,0.18872312,0.02790607,Absence
M3,red,Ex_10,865,175,1,0.12603666,0.0282511,Absence
M3,red,Ex_11,865,6,0,0.0,1.0,False
M3,red,AST_0,865,518,20,0.88524974,0.8574842,False
M3,red,OPC,865,277,1,0.07906332,0.001484017,Absence
M3,red,AST_1,865,230,12,1.22003935,0.8037283,False
M3,red,Ex_12,865,199,3,0.3361063,0.131311,False
M3,blue,Ex_0,2738,5,1,1.57387362,0.6749843,False
M3,blue,Ex_1,2738,20,6,2.70138794,0.07274922,False
M3,blue,Ex_2,2738,59,6,0.71200423,0.6955407,False
M3,blue,Ex_3,2738,20,3,1.11093469,0.8235139,False
M3,blue,Ex_4,2738,95,30,2.9262083,2.923667e-05,Enrich
M3,blue,Ex_5,2738,82,18,1.77546108,0.06093694,False
M3,blue,oligo_0,2738,85,4,0.30985955,0.02684162,Absence
M3,blue,Inh_0,2738,159,32,1.59298477,0.05374354,False
M3,blue,oligo_1,2738,398,34,0.58281231,0.007005829,Absence
M3,blue,Inh_1,2738,222,62,2.47244851,4.504536e-07,Enrich
M3,blue,Ex_6,2738,1,1,0.0,0.2010551,False
M3,blue,Ex_7,2738,46,21,5.32018123,1.11835e-06,Enrich
M3,blue,Ex_8,2738,30,17,8.27431209,4.504536e-07,Enrich
M3,blue,Ex_9,2738,123,15,0.87362271,0.8045654,False
M3,blue,Inh_2,2738,172,37,1.73513162,0.01580116,Enrich
M3,blue,Micro,2738,234,25,0.75070536,0.2929469,False
M3,blue,Ex_10,2738,175,49,2.47422854,3.609375e-06,Enrich
M3,blue,Ex_11,2738,6,0,0.0,1.0,False
M3,blue,AST_0,2738,518,92,1.37192674,0.02180568,Enrich
M3,blue,OPC,2738,277,25,0.62104104,0.04804057,Absence
M3,blue,AST_1,2738,230,43,1.45458543,0.06093694,False
M3,blue,Ex_12,2738,199,26,0.94552387,0.9610922,False
M3,yellow,Ex_0,1108,5,0,0.0,1.0,False
M3,yellow,Ex_1,1108,20,0,0.0,0.9162499,False
M3,yellow,Ex_2,1108,59,0,0.0,0.1913905,False
M3,yellow,Ex_3,1108,20,0,0.0,0.9162499,False
M3,yellow,Ex_4,1108,95,4,0.74721505,1.0,False
M3,yellow,Ex_5,1108,82,4,0.87235542,1.0,False
M3,yellow,oligo_0,1108,85,73,110.71733953,1.659449e-78,Enrich
M3,yellow,Inh_0,1108,159,7,0.78243654,0.9555252,False
M3,yellow,oligo_1,1108,398,229,28.79401639,2.681174e-184,Enrich
M3,yellow,Inh_1,1108,222,19,1.60327611,0.1506035,False
M3,yellow,Ex_6,1108,1,0,0.0,1.0,False
M3,yellow,Ex_7,1108,46,1,0.37766954,0.8771016,False
M3,yellow,Ex_8,1108,30,0,0.0,0.7533913,False
M3,yellow,Ex_9,1108,123,1,0.13873601,0.04876553,Absence
M3,yellow,Inh_2,1108,172,8,0.82900467,0.9555252,False
M3,yellow,Micro,1108,234,29,2.44535327,0.0002390355,Enrich
M3,yellow,Ex_10,1108,175,10,1.03180037,1.0,False
M3,yellow,Ex_11,1108,6,1,3.40575705,0.5801639,False
M3,yellow,AST_0,1108,518,85,3.53520905,9.126861e-19,Enrich
M3,yellow,OPC,1108,277,59,4.80837885,1.04727e-18,Enrich
M3,yellow,AST_1,1108,230,40,3.67929541,4.757653e-10,Enrich
M3,yellow,Ex_12,1108,199,15,1.39276652,0.4663051,False
M3,lightyellow,Ex_0,141,5,0,0.0,1.0,False
M3,lightyellow,Ex_1,141,20,0,0.0,1.0,False
M3,lightyellow,Ex_2,141,59,1,2.43418601,0.8390894,False
M3,lightyellow,Ex_3,141,20,0,0.0,1.0,False
M3,lightyellow,Ex_4,141,95,0,0.0,1.0,False
M3,lightyellow,Ex_5,141,82,2,3.55048128,0.5856422,False
M3,lightyellow,oligo_0,141,85,1,1.67859115,0.9970438,False
M3,lightyellow,Inh_0,141,159,1,0.8891098,1.0,False
M3,lightyellow,oligo_1,141,398,2,0.70595413,1.0,False
M3,lightyellow,Inh_1,141,222,3,1.94611005,0.6780101,False
M3,lightyellow,Ex_6,141,1,0,0.0,1.0,False
M3,lightyellow,Ex_7,141,46,0,0.0,1.0,False
M3,lightyellow,Ex_8,141,30,0,0.0,1.0,False
M3,lightyellow,Ex_9,141,123,2,2.34284021,0.6780101,False
M3,lightyellow,Inh_2,141,172,2,1.66349841,0.8390894,False
M3,lightyellow,Micro,141,234,10,6.67793988,4.782989e-05,Enrich
M3,lightyellow,Ex_10,141,175,1,0.80669906,1.0,False
M3,lightyellow,Ex_11,141,6,0,0.0,1.0,False
M3,lightyellow,AST_0,141,518,17,5.28679509,1.687945e-06,Enrich
M3,lightyellow,OPC,141,277,4,2.09095679,0.5856422,False
M3,lightyellow,AST_1,141,230,12,8.36381342,1.687945e-06,Enrich
M3,lightyellow,Ex_12,141,199,1,0.70805498,1.0,False
M3,royalblue,Ex_0,116,5,0,0.0,1.0,False
M3,royalblue,Ex_1,116,20,0,0.0,1.0,False
M3,royalblue,Ex_2,116,59,0,0.0,1.0,False
M3,royalblue,Ex_3,116,20,0,0.0,1.0,False
M3,royalblue,Ex_4,116,95,0,0.0,1.0,False
M3,royalblue,Ex_5,116,82,0,0.0,1.0,False
M3,royalblue,oligo_0,116,85,0,0.0,1.0,False
M3,royalblue,Inh_0,116,159,0,0.0,1.0,False
M3,royalblue,oligo_1,116,398,0,0.0,1.0,False
M3,royalblue,Inh_1,116,222,0,0.0,1.0,False
M3,royalblue,Ex_6,116,1,0,0.0,1.0,False
M3,royalblue,Ex_7,116,46,0,0.0,1.0,False
M3,royalblue,Ex_8,116,30,0,0.0,1.0,False
M3,royalblue,Ex_9,116,123,0,0.0,1.0,False
M3,royalblue,Inh_2,116,172,0,0.0,1.0,False
M3,royalblue,Micro,116,234,0,0.0,1.0,False
M3,royalblue,Ex_10,116,175,0,0.0,1.0,False
M3,royalblue,Ex_11,116,6,0,0.0,1.0,False
M3,royalblue,AST_0,116,518,1,0.32518153,1.0,False
M3,royalblue,OPC,116,277,0,0.0,1.0,False
M3,royalblue,AST_1,116,230,0,0.0,1.0,False
M3,royalblue,Ex_12,116,199,0,0.0,1.0,False
M4,cyan,Ex_0,191,5,0,0.0,1.0,False
M4,cyan,Ex_1,191,20,1,5.47210598,0.2807651,False
M4,cyan,Ex_2,191,59,1,1.78908827,0.5958113,False
M4,cyan,Ex_3,191,20,0,0.0,1.0,False
M4,cyan,Ex_4,191,95,4,4.62573296,0.02892755,Enrich
M4,cyan,Ex_5,191,82,4,5.40116538,0.02185348,Enrich
M4,cyan,oligo_0,191,85,0,0.0,1.0,False
M4,cyan,Inh_0,191,159,10,7.27598607,3.895244e-05,Enrich
M4,cyan,oligo_1,191,398,0,0.0,0.0713218,False
M4,cyan,Inh_1,191,222,7,3.46064251,0.01980794,Enrich
M4,cyan,Ex_6,191,1,0,0.0,1.0,False
M4,cyan,Ex_7,191,46,3,7.32134331,0.02364655,Enrich
M4,cyan,Ex_8,191,30,0,0.0,1.0,False
M4,cyan,Ex_9,191,123,7,6.44568472,0.001343481,Enrich
M4,cyan,Inh_2,191,172,6,3.83065372,0.01980794,Enrich
M4,cyan,Micro,191,234,3,1.35007121,0.6371461,False
M4,cyan,Ex_10,191,175,7,4.43939164,0.008272642,Enrich
M4,cyan,Ex_11,191,6,1,20.78532777,0.1027567,False
M4,cyan,AST_0,191,518,7,1.43413198,0.51695,False
M4,cyan,OPC,191,277,8,3.16959705,0.01980794,Enrich
M4,cyan,AST_1,191,230,0,0.0,0.2807651,False
M4,cyan,Ex_12,191,199,11,6.36530197,3.895244e-05,Enrich
M4,green,Ex_0,945,5,0,0.0,1.0,False
M4,green,Ex_1,945,20,0,0.0,1.0,False
M4,green,Ex_2,945,59,1,0.3467408,0.8320564,False
M4,green,Ex_3,945,20,0,0.0,1.0,False
M4,green,Ex_4,945,95,1,0.21354186,0.335834,False
M4,green,Ex_5,945,82,0,0.0,0.09625655,False
M4,green,oligo_0,945,85,0,0.0,0.09625655,False
M4,green,Inh_0,945,159,1,0.12660119,0.03310853,Absence
M4,green,oligo_1,945,398,6,0.30401224,0.01614334,Absence
M4,green,Inh_1,945,222,3,0.27373552,0.03849398,Absence
M4,green,Ex_6,945,1,0,0.0,1.0,False
M4,green,Ex_7,945,46,0,0.0,0.5115367,False
M4,green,Ex_8,945,30,1,0.69452411,1.0,False
M4,green,Ex_9,945,123,0,0.0,0.03045579,Absence
M4,green,Inh_2,945,172,1,0.1168895,0.03045579,Absence
M4,green,Micro,945,234,6,0.52727106,0.3512673,False
M4,green,Ex_10,945,175,5,0.59049349,0.6204664,False
M4,green,Ex_11,945,6,0,0.0,1.0,False
M4,green,AST_0,945,518,22,0.89123613,0.9903017,False
M4,green,OPC,945,277,3,0.21814932,0.01614334,Absence
M4,green,AST_1,945,230,10,0.91503112,1.0,False
M4,green,Ex_12,945,199,5,0.51678355,0.3534651,False
M4,purple,Ex_0,399,5,0,0.0,1.0,False
M4,purple,Ex_1,399,20,0,0.0,1.0,False
M4,purple,Ex_2,399,59,0,0.0,1.0,False
M4,purple,Ex_3,399,20,0,0.0,1.0,False
M4,purple,Ex_4,399,95,0,0.0,0.6574104,False
M4,purple,Ex_5,399,82,1,0.60445335,1.0,False
M4,purple,oligo_0,399,85,0,0.0,0.7710508,False
M4,purple,Inh_0,399,159,0,0.0,0.3553692,False
M4,purple,oligo_1,399,398,0,0.0,0.01642741,Absence
M4,purple,Inh_1,399,222,1,0.21993196,0.5126612,False
M4,purple,Ex_6,399,1,0,0.0,1.0,False
M4,purple,Ex_7,399,46,0,0.0,1.0,False
M4,purple,Ex_8,399,30,0,0.0,1.0,False
M4,purple,Ex_9,399,123,0,0.0,0.536492,False
M4,purple,Inh_2,399,172,0,0.0,0.2941775,False
M4,purple,Micro,399,234,2,0.4198639,0.6829011,False
M4,purple,Ex_10,399,175,0,0.0,0.2941775,False
M4,purple,Ex_11,399,6,0,0.0,1.0,False
M4,purple,AST_0,399,518,7,0.6659288,0.6829011,False
M4,purple,OPC,399,277,1,0.17559269,0.2941775,False
M4,purple,AST_1,399,230,4,0.86663482,1.0,False
M4,purple,Ex_12,399,199,1,0.24577819,0.536492,False
M4,lightcyan,Ex_0,166,5,0,0.0,1.0,False
M4,lightcyan,Ex_1,166,20,0,0.0,1.0,False
M4,lightcyan,Ex_2,166,59,0,0.0,1.0,False
M4,lightcyan,Ex_3,166,20,0,0.0,1.0,False
M4,lightcyan,Ex_4,166,95,0,0.0,1.0,False
M4,lightcyan,Ex_5,166,82,0,0.0,1.0,False
M4,lightcyan,oligo_0,166,85,0,0.0,1.0,False
M4,lightcyan,Inh_0,166,159,0,0.0,1.0,False
M4,lightcyan,oligo_1,166,398,1,0.29620715,1.0,False
M4,lightcyan,Inh_1,166,222,0,0.0,1.0,False
M4,lightcyan,Ex_6,166,1,0,0.0,1.0,False
M4,lightcyan,Ex_7,166,46,0,0.0,1.0,False
M4,lightcyan,Ex_8,166,30,0,0.0,1.0,False
M4,lightcyan,Ex_9,166,123,0,0.0,1.0,False
M4,lightcyan,Inh_2,166,172,0,0.0,1.0,False
M4,lightcyan,Micro,166,234,0,0.0,1.0,False
M4,lightcyan,Ex_10,166,175,0,0.0,1.0,False
M4,lightcyan,Ex_11,166,6,0,0.0,1.0,False
M4,lightcyan,AST_0,166,518,1,0.2260446,1.0,False
M4,lightcyan,OPC,166,277,3,1.3115622,1.0,False
M4,lightcyan,AST_1,166,230,0,0.0,1.0,False
M4,lightcyan,Ex_12,166,199,0,0.0,1.0,False
M4,midnightblue,Ex_0,176,5,0,0.0,1.0,False
M4,midnightblue,Ex_1,176,20,0,0.0,1.0,False
M4,midnightblue,Ex_2,176,59,0,0.0,1.0,False
M4,midnightblue,Ex_3,176,20,0,0.0,1.0,False
M4,midnightblue,Ex_4,176,95,0,0.0,1.0,False
M4,midnightblue,Ex_5,176,82,0,0.0,1.0,False
M4,midnightblue,oligo_0,176,85,0,0.0,1.0,False
M4,midnightblue,Inh_0,176,159,0,0.0,1.0,False
M4,midnightblue,oligo_1,176,398,0,0.0,1.0,False
M4,midnightblue,Inh_1,176,222,0,0.0,1.0,False
M4,midnightblue,Ex_6,176,1,0,0.0,1.0,False
M4,midnightblue,Ex_7,176,46,0,0.0,1.0,False
M4,midnightblue,Ex_8,176,30,0,0.0,1.0,False
M4,midnightblue,Ex_9,176,123,0,0.0,1.0,False
M4,midnightblue,Inh_2,176,172,0,0.0,1.0,False
M4,midnightblue,Micro,176,234,1,0.47963493,1.0,False
M4,midnightblue,Ex_10,176,175,0,0.0,1.0,False
M4,midnightblue,Ex_11,176,6,0,0.0,1.0,False
M4,midnightblue,AST_0,176,518,1,0.21301335,1.0,False
M4,midnightblue,OPC,176,277,0,0.0,1.0,False
M4,midnightblue,AST_1,176,230,1,0.48811252,1.0,False
M4,midnightblue,Ex_12,176,199,0,0.0,1.0,False
