Region,roi173,NeocortexRegion,Lobe,002,034,067,079,92,qbt,xq,xz,zs,RIN,total_reads,uniquely_mapped,uniquely_mapped_percent,TOTAL_READS,PF_READS,PF_READS_ALIGNED,PCT_PF_READS_ALIGNED,PF_ALIGNED_BASES,PF_HQ_ALIGNED_READS,PF_HQ_ALIGNED_BASES,PF_HQ_ALIGNED_Q20_BASES,PF_MISMATCH_RATE,PF_HQ_ERROR_RATE,PF_INDEL_RATE,READS_ALIGNED_IN_PAIRS,PCT_READS_ALIGNED_IN_PAIRS,BAD_CYCLES,STRAND_BALANCE,PCT_CHIMERAS,PF_BASES,PF_ALIGNED_BASES.1,CODING_BASES,UTR_BASES,INTRONIC_BASES,INTERGENIC_BASES,IGNORED_READS,CORRECT_STRAND_READS,INCORRECT_STRAND_READS,PCT_CODING_BASES,PCT_UTR_BASES,PCT_INTRONIC_BASES,PCT_INTERGENIC_BASES,PCT_MRNA_BASES,PCT_USABLE_BASES,PCT_CORRECT_STRAND_READS,MEDIAN_CV_COVERAGE,MEDIAN_5PRIME_BIAS,MEDIAN_3PRIME_BIAS,MEDIAN_5PRIME_TO_3PRIME_BIAS,WINDOW_SIZE,TOTAL_CLUSTERS,ALIGNED_READS,AT_DROPOUT,GC_DROPOUT,Full_name,Dictionary_lobe,Regional_map
1-2,1-2,Yes,Parietal,1,4,0,0,1,1,3,2,0,8.06666666666667,50345837.5,43181732.9166667,85.2083333333333,95296004.6666667,95296004.6666667,90722449.4166667,0.951417916666667,12761335561.5,86302964.4166667,12147914112.0833,11867762374.0,0.0061121666666666,0.0060614166666666,0.0002586666666666,90657039.6666667,0.999193416666667,0,0.500018166666667,0.0056109166666666,13426282341.0,12761335561.5,3824485410.25,1220735483.25,3650641707.41667,4065441441.83333,0,33988508.75,800027.666666667,30.985925,9.648525,27.5670166666667,31.7983166666667,40.6344583333333,38.229625,97.6068583333333,0.40089775,0.643555166666667,0.670693166666667,0.883608,100,51236372.5833333,97879167.0833333,35.8126029166667,0.06847125,somatosensory areas 1 and 2,Parietal,S1
10m,10m,Yes,Frontal,1,4,0,0,1,1,3,2,0,8.14166666666667,54468031.75,45002512.8333333,81.3725,103931076.0,103931076.0,94612119.8333333,0.904639,13365921002.5833,89943966.3333333,12716548047.75,12431780270.1667,0.0059940833333333,0.0059564166666666,0.0002459166666666,94546282.1666667,0.999171166666667,0,0.5000205,0.0055791666666666,14586737462.6667,13365921002.5833,3733584209.08333,1224457261.08333,4211608579.66667,4196184617.0,0,33267750.75,883704.166666667,29.04835,9.08015,29.8743083333333,31.996775,38.1284833333333,34.4593916666667,97.5919,0.378833833333333,0.663652166666667,0.704714333333333,0.878623083333333,100,55776358.25,102213156.416667,34.1748493333333,0.0510430833333333,"frontal polar,area 10m[10mc+10mr]",Frontal,PFCm
10o,10o,Yes,Frontal,0,4,0,0,2,1,3,2,0,7.61666666666667,52827588.4166667,42851782.0833333,80.2783333333333,103331949.333333,103331949.333333,89703729.6666667,0.865077416666667,12640008058.6667,85626333.8333333,12076293099.3333,11779756445.5833,0.0064323333333333,0.0063958333333333,0.0002444166666666,89621090.0,0.998904333333333,0,0.500024583333333,0.00604825,14367705835.5,12640008058.6667,3647811593.91667,1133510174.0,3976791502.0,3881814810.0,0,32263205.8333333,807829.333333333,30.1086833333333,8.92055,29.7958833333333,31.1744666666667,39.0292,33.90085,97.638375,0.4009065,0.650693333333333,0.676203916666667,0.8927255,100,55113765.0833333,96575275.5,34.4387096666667,0.0580653333333333,"frontal polar anterior part,area 10o",Frontal,PFCpol
11l,11l,Yes,Frontal,1,3,0,0,2,1,1,2,0,7.97,54164982.3,47461414.9,87.047,100516675.5,100516675.5,99637603.9,0.9931338,14123671156.2,94871789.4,13460163395.3,13180323829.7,0.0057243,0.0056852,0.0002619,99582715.6,0.9994121,0,0.5000154,0.0056556,14363143189.0,14123671156.2,3900319548.1,1313778989.5,4619454659.4,4290081037.6,0,34926645.6,918325.6,28.34897,9.31671,31.3445,30.98964,37.66568,37.16211,97.41672,0.3837604,0.6499595,0.6898734,0.8796249,100,54032590.1,107146326.6,31.0338818,0.2521051,"obrital prefrontal area,area 11l",Frontal,PFCoi
11m,11m,Yes,Frontal,0,0,0,0,2,1,3,1,0,7.81428571428571,54153471.2857143,45731482.5714286,84.8314285714286,98779515.4285714,98779515.4285714,96772846.5714286,0.981659714285714,13631269534.2857,91387156.0,12882656135.7143,12592106534.5714,0.0059668571428571,0.005938,0.0002535714285714,96692146.8571429,0.999195857142857,0,0.500013285714286,0.0057524285714285,14003944289.1429,13631269534.2857,3816461003.28571,1274046953.85714,4275799995.71429,4264893678.28571,0,34262464.8571429,850567.857142857,28.3443142857143,9.31871428571429,30.7489714285714,31.5875714285714,37.6630142857143,36.6500857142857,97.3541571428571,0.369994857142857,0.667063428571429,0.707127428571429,0.891679285714286,100,53752766.4285714,105469453.714286,32.868826,0.129344714285714,"orbital prefrontal area,area 11m",Frontal,PFCom
12l,12l,Yes,Frontal,0,2,0,0,1,0,2,0,0,8.08,65922136.0,52528625.8,79.8,121353319.2,121353319.2,112961123.6,0.941038,15565301160.8,104977646.2,14464073177.6,14166118261.4,0.00616,0.0061818,0.0002282,112875101.6,0.999235,0,0.5000264,0.0058994,16722232504.0,15565301160.8,5104969939.2,1388576562.4,3694483178.8,5377270806.0,0,44752246.6,612423.8,32.90024,8.9379,23.6546,34.50722,41.83816,39.2121,98.6281,0.3870872,0.654618,0.6773394,0.8958452,100,66967821.2,125503534.6,45.1798294,0.0,"lateral prefrontal cortex,area 12l,lateral part",Frontal,PFCvl
12m,12m,Yes,Frontal,0,2,0,0,1,1,1,1,1,8.44285714285714,56911841.1428571,45178839.7142857,79.8942857142857,108476410.857143,108476410.857143,96202870.4285714,0.895460285714286,13548372434.4286,90280545.7142857,12723430135.0,12420987478.4286,0.0060467142857142,0.0060145714285714,0.0002524285714285,96118414.0,0.999020428571429,0,0.500040571428571,0.0057088571428571,14595591284.1429,13548372434.4286,3946397840.85714,1340833935.57143,3839857238.85714,4421211860.85714,0,35592281.8571429,761484.142857143,29.4699,9.71991428571429,27.6055571428571,33.2040714285714,39.1898285714286,36.7552,97.7113285714286,0.369071428571429,0.688951571428571,0.713496571428571,0.892027571428571,100,56809623.2857143,105307757.857143,34.0364577142857,0.272534714285714,"lateral prefrontal cortex,area 12m,medial part",Frontal,PFCol
12o,12o,Yes,Frontal,0,2,0,0,2,1,0,1,0,8.31666666666667,58461165.1666667,50287750.1666667,85.8533333333333,107193900.833333,107193900.833333,106162498.166667,0.991548166666667,15067711351.1667,100529916.666667,14274029628.8333,14003989819.6667,0.0056351666666666,0.0055881666666666,0.000263,106114519.666667,0.99953,0,0.5000175,0.005911,15343615670.0,15067711351.1667,4251766828.66667,1452338442.0,4739839172.5,4623764797.33333,0,37885530.0,1162183.0,28.6017333333333,9.48315,31.0541666666667,30.8609333333333,38.0848666666667,37.5087333333333,96.8822,0.366827,0.661563666666667,0.709921666666667,0.878103833333333,100,57810088.1666667,114556368.166667,32.0747818333333,0.253834333333333,"lateral prefrontal cortex,area 12o,orbital part",Frontal,PFCol
12r,12r,Yes,Frontal,0,3,0,0,1,1,2,1,0,8.0875,52386537.0,44783366.625,85.1875,95845161.875,95845161.875,94879198.375,0.991142375,13367086307.0,89525192.625,12620655426.375,12378145761.5,0.00571275,0.005672625,0.00025525,94834876.75,0.999517875,0,0.5000215,0.00581525,13620979175.375,13367086307.0,4063192965.0,1279525177.5,3780613578.625,4243713549.75,0,36029479.5,745403.5,30.9440375,9.548475,27.3537875,32.1534375,40.4925125,39.9115125,97.739,0.369877625,0.675573,0.697197375,0.888776125,100,52081702.125,103167399.875,36.889535625,0.05922925,"lateral prefrontal cortex,area 12r,rostal part?",Frontal,PFCol
13a,13a,Yes,Frontal,0,1,2,1,2,0,0,0,0,8.66666666666667,52084663.1666667,42810837.6666667,82.2183333333333,99271507.6666667,99271507.6666667,90507291.8333333,0.914565666666667,12439667474.6667,85505342.6666667,11754075399.0,11410414040.0,0.0071105,0.0070725,0.0002456666666666,90383693.0,0.998612666666667,0,0.500016,0.0061943333333333,13640910330.6667,12439667474.6667,3743872375.83333,1076206566.0,3782284279.5,3837303600.0,0,33530336.1666667,471252.833333333,30.0971166666667,8.66833333333333,30.388,30.84655,38.7654333333333,35.31425,98.58815,0.352589166666667,0.653418666666667,0.712747,0.863129666666667,100,53756741.0,98730833.0,37.2065216666667,0.0,"orbitomedial prefrontal cortex,area 13a",Frontal,PFCom
13b,13b,Yes,Frontal,1,2,0,0,4,1,1,1,0,7.89,53666812.7,45374928.4,84.592,98149523.3,98149523.3,95608014.7,0.9762616,13399065660.8,90692997.8,12718953984.7,12464301881.6,0.0059238,0.005893,0.0002628,95547012.6,0.9993622,0,0.5000203,0.0056926,13578052351.5,13399065660.8,3904964215.4,1213255712.6,4024711080.6,4256117435.2,0,34847880.7,646228.5,28.98879,8.96961,30.04215,31.99935,37.9584,37.51294,97.99212,0.3862904,0.6622731,0.6854917,0.9074912,100,51985540.7,103474282.9,36.2063622,0.0523569,"orbitomedial prefrontal cortex,area 13b",Frontal,PFCom
13l,13l,Yes,Frontal,0,2,0,0,0,1,3,1,2,8.33333333333333,58698168.6666667,45832888.5555556,79.1877777777778,115574653.111111,115574653.111111,97581269.8888889,0.856605,13668592355.2222,91564205.5555556,12827529202.0,12508782699.3333,0.0061502222222222,0.0061463333333333,0.0002521111111111,97471963.1111111,0.998776111111111,0,0.500058777777778,0.0061148888888888,15892722154.3333,13668592355.2222,4285814720.33333,1391579614.55556,3544577285.22222,4446598204.55556,0,38238943.0,889281.666666667,31.2331,9.96441111111111,25.6185222222222,33.1837555555556,41.1975,36.0017777777778,97.5155666666667,0.384911,0.658199888888889,0.688159222222222,0.878864555555556,100,62326571.8888889,106643726.333333,36.7356517777778,0.299549555555556,"orbitomedial prefrontal cortex,area 13l",Frontal,PFCol
13m,13m,Yes,Frontal,0,2,0,1,0,1,1,1,1,8.0,55652724.1428571,46358819.0,83.2842857142857,109271705.571429,109271705.571429,97278052.0,0.890617285714286,13729736533.7143,92621397.1428571,13078981616.2857,12764838002.8571,0.0061495714285714,0.0061085714285714,0.0002654285714285,97175654.5714286,0.998823571428571,0,0.500035142857143,0.0059888571428571,15295148629.8571,13729736533.7143,3943180781.57143,1286625077.14286,4335484079.28571,4164436579.28571,0,35044100.4285714,1012492.28571429,29.2788714285714,9.19815714285714,30.7652285714286,30.7576714285714,38.4770285714286,34.4746714285714,97.0198,0.385855142857143,0.638373714285714,0.692302714285714,0.863055,100,58218727.1428571,104431262.714286,32.9734117142857,0.039702,"orbitomedial prefrontal cortex,area 13m",Frontal,PFCom
14c,14c,Yes,Frontal,0,2,0,0,2,1,0,2,1,7.85,54518509.75,45489560.375,83.805,102339270.0,102339270.0,95807355.125,0.945642875,13583595993.875,90901688.875,12898281367.875,12580749587.625,0.006243875,0.0062085,0.00028025,95723899.0,0.999149,0,0.5000265,0.005613375,14485235551.875,13583595993.875,3421423074.0,1227441916.75,4686833005.375,4247880505.125,0,30959313.75,1026117.25,25.468375,8.8736375,33.965425,31.6924375,34.3419875,32.4081625,96.504425,0.361065875,0.669500375,0.72281425,0.87557775,100,54953322.5,103308023.875,28.689331375,0.188390375,"orbitomedial prefrontal area,14c",Frontal,PFCom
14r,14r,Yes,Frontal,1,3,0,0,2,0,3,1,0,8.32,55914859.2,46178197.0,82.326,97525374.6,97525374.6,97315844.0,0.9979434,13517833075.8,92292978.7,12824728401.7,12558892491.2,0.0059618,0.0059334,0.0002502,97248260.6,0.999322,0,0.5000249,0.005697,13661301309.2,13517833075.8,4140678860.4,1237087128.7,3801817283.6,4338234869.9,0,36896810.1,566134.7,30.49972,9.12592,28.03781,32.33646,39.62564,39.24208,98.34632,0.369317,0.6509901,0.7081072,0.867502,100,52911885.6,105568032.7,35.6212894,0.116668,"orbitomedial prefrontal area,14r",Frontal,PFCom
23a,23a,Yes,Cingulate,0,0,0,1,0,0,0,0,0,8.9,50695982.0,39735353.0,78.38,101391964.0,101391964.0,83568491.0,0.824212,11433922701.0,79328548.0,10856343741.0,10471372037.0,0.007753,0.007693,0.000246,83416634.0,0.998183,0,0.500025,0.00623,13726845529.0,11433922701.0,3185007745.0,944561603.0,3890868422.0,3413483757.0,0,28807071.0,534154.0,27.8558,8.261,34.0292,29.854,36.1168,30.0839,98.1795,0.33598,0.658566,0.740401,0.824818,100,54462149.0,91088019.0,31.49587,0.0,,,
23b,23b,Yes,Cingulate,0,1,0,1,0,0,2,0,0,8.45,53375958.25,44612928.75,83.57,106751916.5,106751916.5,92855748.75,0.8695965,12751143185.75,89050752.75,12232201497.25,11842826067.5,0.0071915,0.00715075,0.000247,92672036.5,0.99801575,0,0.5000245,0.00688025,14594173287.25,12751143185.75,4104300820.25,1143303113.25,3830831344.75,3672707023.0,0,36598593.5,547360.25,32.007925,8.9172,30.175725,28.8991,40.9251,35.807375,98.497225,0.36421,0.62837925,0.70635525,0.83796675,100,56563164.75,99220771.25,39.2208775,0.0,"posterior cingulate cortex,area 23b",Cingulate,CCp
23c,23c,Yes,Cingulate,0,1,0,0,0,0,4,0,0,8.24,52792407.2,44100940.6,83.666,105584814.4,105584814.4,92360936.4,0.875771,12705657035.0,88054870.4,12114776417.0,11770354965.4,0.0066324,0.0065994,0.0002224,92206666.4,0.9983388,0,0.5000108,0.006893,14462434580.6,12705657035.0,4547999201.2,1267054552.6,3280477895.8,3610124999.0,0,40322034.8,547535.2,35.8703,9.97644,25.7673,28.38598,45.84674,40.25232,98.63042,0.3692878,0.6241936,0.703743,0.8235112,100,56408323.8,99585031.2,40.5153154,0.0,"posterior cingulate cortex,area 23c",Cingulate,CCp
24a,24a,Yes,Cingulate,0,0,1,0,0,0,0,1,0,8.0,48821974.5,42759029.5,86.45,97643949.0,97643949.0,88748353.0,0.898597,12776049887.5,85449737.0,12310418692.5,12013985317.5,0.0061935,0.0061135,0.0002755,88675227.0,0.9989695,0,0.500012,0.005661,13982109420.0,12776049887.5,3090294358.5,1202516589.0,4834453573.0,3648681699.0,0,28106125.5,1082212.5,25.07575,9.1852,36.86245,28.8759,34.26095,30.6721,96.5623,0.3524805,0.666884,0.7490875,0.8411065,100,51389857.5,93877746.5,23.0907775,0.0,"anterior cingulate cortex,area 24a",Cingulate,CCa
24a',24a',Yes,Cingulate,0,2,0,0,0,0,1,0,0,8.45,64616038.6666667,51888658.0,80.4133333333333,111830067.666667,111830067.666667,111830067.666667,1.0,15388052512.0,103680780.0,14264218600.3333,13920441195.0,0.006347,0.0063583333333333,0.000246,111726633.333333,0.999103333333333,0,0.500019333333333,0.0063263333333333,15529234898.3333,15388052512.0,5054429585.0,1480464978.66667,3730341231.66667,5122816716.66667,0,45148410.6666667,592140.333333333,32.5041,9.67946666666667,24.1774,33.6390666666667,42.1836,41.8052333333333,98.7356666666667,0.359453666666667,0.642374333333333,0.707929666666667,0.860778666666667,100,62771115.3333333,125462505.666667,44.964111,0.0459996666666667,"anterior cingulate cortex,area 24a'",Cingulate,CCa
24b,24b,Yes,Cingulate,0,2,0,0,0,0,0,1,0,8.0,52597802.3333333,45600395.6666667,86.75,96570955.0,96570955.0,95863830.0,0.993203,13586683962.6667,91153832.0,12931166192.3333,12688561559.0,0.0054636666666666,0.005411,0.0002673333333333,95813704.6666667,0.999461333333333,0,0.500012,0.005978,13795305943.0,13586683962.6667,3960496555.0,1330664657.0,4212708130.66667,4082753174.0,0,35470979.3333333,882522.666666667,29.5925333333333,9.82133333333333,30.3025333333333,30.2831666666667,39.4139,38.8978666666667,97.3607666666667,0.366667333333333,0.662568666666667,0.699287666666667,0.895414333333333,100,52042128.3333333,103338342.666667,32.0590496666667,0.0079076666666666,"anterior cingulate cortex,area 24b",Cingulate,CCa
24b',24b',Yes,Cingulate,0,0,0,1,0,0,2,0,0,8.1,59792138.0,45782696.6666667,79.27,101963011.333333,101963011.333333,98607584.6666667,0.968439333333333,13533382491.0,91464031.6666667,12549414130.6667,12229402302.0,0.0066466666666666,0.006685,0.0002216666666666,98497735.3333333,0.998909666666667,0,0.500049333333333,0.0065696666666666,14091615591.0,13533382491.0,4262281574.0,1212117119.66667,3631316952.66667,4427666751.33333,0,37906722.0,502268.333333333,32.6903,9.30253333333333,25.323,32.6841666666667,41.9928333333333,40.3965,98.7328666666667,0.378943333333333,0.631820666666667,0.696751,0.842765666666667,100,57280257.0,111160583.333333,45.1917836666667,0.0215623333333333,"anterior cingulate cortex,area 24b'",Cingulate,CCa
24c,24c,Yes,Cingulate,0,2,0,0,2,2,2,4,0,7.71818181818182,53355454.0833333,47033921.9166667,88.2325,102007303.666667,102007303.666667,98759080.3333333,0.97230275,14179784116.5833,94022490.75,13512008519.1667,13248254639.75,0.0055536666666666,0.00550025,0.0002795833333333,98709768.1666667,0.999450583333333,0,0.500018666666667,0.005381,14471281952.4167,14179784116.5833,3627429463.41667,1362040959.66667,4870091754.91667,4320162217.41667,0,32804305.25,1102992.91666667,26.306275,9.59456666666667,33.336575,30.7622166666667,35.900825,35.2792583333333,96.56135,0.366544,0.679287916666667,0.719115583333333,0.88725575,100,53593708.25,105908382.5,27.98481425,0.0611070833333333,"anterior cingulate cortex,area 24c",Cingulate,CCa
24c',24c',Yes,Cingulate,0,1,0,1,0,0,2,0,1,8.46,46573373.4,34012420.0,74.166,84338724.4,84338724.4,73634979.2,0.8973888,10094371403.4,67929851.6,9309539321.6,9044852187.6,0.0068484,0.0069074,0.0002332,73531992.8,0.9985996,0,0.5000852,0.0066334,11448622009.2,10094371403.4,3381590148.0,943824247.2,2057406276.8,3711530523.6,0,29930200.6,338928.2,33.70868,9.42778,20.34998,36.51332,43.13648,39.15086,98.85916,0.391762,0.657832,0.6727156,0.9056428,100,46780428.8,82822969.4,47.4769854,0.0186602,"anterior cingulate cortex,area 24c'",Cingulate,CCa
25,25,Yes,Frontal,0,2,0,0,2,0,0,0,0,8.525,52343291.5,43382831.25,82.82,98190033.5,98190033.5,91311802.0,0.936271,12577588031.5,86659502.0,11939165733.25,11623354852.25,0.00684975,0.00681775,0.00025725,91200928.0,0.99880725,0,0.500015,0.00622225,13545607157.75,12577588031.5,3784301947.25,1081641690.5,3846649315.75,3864994938.0,0,33795402.25,509425.75,29.999425,8.57275,30.601075,30.826725,38.5722,35.854225,98.49535,0.361484,0.65438,0.69675,0.87337825,100,52840292.25,98784277.5,38.68256675,0.0,"subgenual cingulate cortex,area 25",Frontal,CCs
31,31,Yes,Cingulate,0,1,0,0,0,0,0,0,0,8.4,41641432.0,34804062.0,83.58,74840487.0,74840487.0,74840487.0,1.0,10313209342.0,69544125.0,9582273107.0,9333245893.0,0.005848,0.00579,0.000179,74770642.0,0.999067,0,0.500023,0.006294,10399602864.0,10313209342.0,4123599180.0,1237709003.0,1629883520.0,3322017639.0,0,36599624.0,514503.0,39.9837,12.0012,15.8038,32.2113,51.9849,51.553,98.6137,0.374169,0.63307,0.685976,0.817574,100,41748460.0,83426984.0,44.427974,0.0,,,
32,32,Yes,Frontal,0,2,0,0,2,1,1,1,1,7.95,56911136.875,45133469.5,80.89625,106896492.125,106896492.125,94891638.375,0.91493925,13349778108.375,90193158.125,12698065886.875,12401288161.375,0.006267875,0.006237375,0.00027325,94812381.5,0.999074375,0,0.5000405,0.0059055,14861449197.5,13349778108.375,3761994083.125,1208283217.875,4114931208.875,4264545214.25,0,33504880.125,838593.125,28.927225,9.0116,29.5235125,32.537475,37.938825,34.8812875,97.499725,0.38323075,0.647007875,0.6993695,0.8704055,100,57079700.75,102119109.5,33.699974625,0.020546875,"orbitomedial prefrontal cortex,area 32",Frontal,PFCm
36c,36c,Yes,Temporal,0,2,0,0,0,0,0,0,0,8.5,52368975.5,44046340.0,84.04,96020609.5,96020609.5,96020609.5,1.0,13206707924.0,87990396.0,12097536443.0,11751286167.5,0.006375,0.006359,0.000206,95907357.0,0.998857,0,0.5000855,0.00636,13335594286.5,13206707924.0,4988247009.0,1437588202.0,2302111092.0,4478761621.0,0,44119883.0,409728.0,37.91195,10.92855,17.24405,33.91545,48.8405,48.3797,99.07925,0.3700085,0.6480365,0.6800195,0.8695875,100,54212646.0,108314156.5,49.733289,0.069617,"area 36 of the perirhinal cortex, caudal subregion",Temporal ,PHC
3a/b,3a/b,Yes,Parietal,1,2,0,0,2,1,3,2,0,8.08181818181818,52529843.5454545,44987253.8181818,85.5090909090909,97848922.9090909,97848922.9090909,94114641.3636364,0.963853636363636,13294500923.5455,89913306.0,12708602644.2727,12405888836.4545,0.005999909090909,0.0059316363636363,0.000254,94048873.4545455,0.999207,0,0.500012272727273,0.0054784545454545,13869212704.3636,13294500923.5455,3763065024.27273,1302953121.90909,4224024471.90909,4004378173.0,0,33841495.2727273,1057325.0,29.0665727272727,9.71007272727273,30.8082090909091,30.4146545454545,38.7766454545455,36.9470363636364,97.0179272727273,0.369022909090909,0.667206727272727,0.710190818181818,0.876685636363636,100,52308064.0,100853797.272727,29.1049173636364,0.0185344545454545,somatosensory areas 3a and 3b,Parietal,S1
44,44,Yes,Frontal,0,1,0,0,2,0,2,0,0,8.56,52996856.2,43620583.2,82.024,93577745.0,93577745.0,93577745.0,1.0,12901627394.8,87178845.0,12019610737.8,11746715441.8,0.006447,0.006433,0.0002238,93510833.2,0.9992806,0,0.5000142,0.0062204,13014177038.8,12901627394.8,4486505281.2,1263822062.0,2894725102.8,4256574948.8,0,39518000.0,581627.8,34.74358,9.77038,22.45448,33.03154,44.51398,44.12632,98.53098,0.3720652,0.6607248,0.6853558,0.8951434,100,51858893.4,103663791.4,43.3144394,0.0,area 44,Frontal,PFCvl
45,45,Yes,Frontal,0,2,0,0,1,1,4,2,0,8.27,54619843.0,47014038.0,86.035,103340586.2,103340586.2,99921144.1,0.9695095,14121733484.0,93976788.1,13286105496.4,13011216869.2,0.0057844,0.0057433,0.0002562,99866264.4,0.9994349,0,0.50001,0.0057173,14668607474.0,14121733484.0,4179433859.8,1417323409.4,4036200213.8,4488767755.9,0,37263530.5,1118915.5,30.24633,10.02645,27.77896,31.9482,40.27276,38.83344,96.88473,0.357467,0.665707,0.7109776,0.872653,100,56216482.4,108987256.0,35.0095344,0.3691008,area 45[45A+45B],Frontal,PFCvl
46d,46d,Yes,Frontal,0,3,0,0,1,2,2,2,0,8.24,53956674.5,46651451.6,86.263,100903084.7,100903084.7,98912417.7,0.9811561,14084815571.9,93260090.7,13291074416.3,13013307795.9,0.005779,0.005744,0.0002571,98866120.4,0.9994977,0,0.500015,0.0055578,14473110241.4,14084815571.9,3955811112.6,1420194317.1,4344069886.9,4364661215.5,0,35583565.0,1145019.1,28.84597,10.06266,29.7476,31.34331,38.90862,37.85506,96.54382,0.3602653,0.6739184,0.7202474,0.8696013,100,54851229.7,107684024.5,32.3989944,0.2619557,"area 46, dorsal subdivision",Frontal,PFCdl
46v,46v,Yes,Frontal,0,3,0,0,0,2,2,2,0,8.21111111111111,51592924.4444444,45113241.3333333,87.1622222222222,97925053.1111111,97925053.1111111,95428264.6666667,0.977117555555556,13638165057.4444,90186057.1111111,12900115427.0,12627755986.1111,0.005546,0.0055084444444444,0.0002675555555555,95384570.0,0.999519111111111,0,0.500014111111111,0.0053357777777777,14076383217.6667,13638165057.4444,3768805649.55556,1388538304.55556,4273671936.22222,4207075172.11111,0,34120409.8888889,1056941.0,28.5283333333333,10.2418222222222,29.9738666666667,31.2554888888889,38.7701666666667,37.5803666666667,96.5557777777778,0.352432222222222,0.679665666666667,0.733063777777778,0.857108333333333,100,53018344.7777778,103515000.666667,31.5633687777778,0.271008888888889,"area 46, ventral subdivision",Frontal,PFCvl
5,5,Yes,Parietal,0,3,0,0,2,1,3,1,0,8.4,53910759.2,43826611.9,81.769,94608715.7,94608715.7,94121937.9,0.9951662,13163183732.0,87598105.9,12252725142.4,11980701448.6,0.0059785,0.0059584,0.0002443,94062346.4,0.9993517,0,0.5000143,0.0056609,13345822025.1,13163183732.0,4151369024.1,1287070646.1,3329983395.4,4394699663.1,0,36440631.1,1067789.2,31.68004,9.7217,25.04966,33.54818,41.40173,40.89351,96.9091,0.3791653,0.6663426,0.6826836,0.8908535,100,52397990.5,104266366.4,41.5025081,0.0487587,somatosensory area 5 (complex)[PE+PEa+PEc],Parietal,PCs
7a,7a_(Opt/PG),Yes,Parietal,0,3,0,0,1,2,2,1,1,8.02,56302660.5,46978352.6,83.525,101916122.4,101916122.4,99723474.8,0.9805044,14087396265.2,93895724.0,13269529148.3,12982923946.9,0.0059217,0.0058856,0.000253,99658143.8,0.9993146,0,0.5000111,0.0058032,14486729721.7,14087396265.2,4039022276.6,1363732404.1,4214701115.9,4469852466.1,0,36027954.4,1101967.8,29.19229,9.59579,29.13207,32.07934,38.78807,37.69002,96.88813,0.3793586,0.6871737,0.7046234,0.8974141,100,55464380.3,108696838.5,35.1021703,0.2143985,visual area 7a,Parietal,PCi
7b,7b_(PFG/PF),Yes,Parietal,0,2,0,0,3,1,2,1,0,8.2,61052420.4444444,50434352.0,82.9288888888889,111031687.666667,111031687.666667,108008672.444444,0.974864666666667,15133280183.1111,100803246.333333,14128123629.8889,13808709517.0,0.005947,0.0059297777777777,0.0002408888888888,107937994.888889,0.999346222222222,0,0.500011555555556,0.0057953333333333,15354409898.3333,15133280183.1111,4460316961.77778,1448965958.66667,4300513024.88889,4923427566.44444,0,39710547.4444444,1127885.77777778,30.0326666666667,9.66792222222222,27.7530222222222,32.5460333333333,39.7005888888889,39.1886666666667,96.9310333333333,0.368131888888889,0.694755888888889,0.703685,0.909882,100,59956216.8888889,119216575.444444,37.7316115555556,0.0823375555555556,visual area 7b,Parietal,PCi
7m,7m(PGm),Yes,Parietal,1,3,0,0,0,0,1,1,0,8.23333333333333,51757873.3333333,43380912.0,83.8933333333333,92922227.6666667,92922227.6666667,92544082.1666667,0.996347,12915848704.8333,86678800.0,12099470391.0,11800859404.1667,0.0061555,0.006148,0.0002581666666666,92454572.3333333,0.999053333333333,0,0.5000175,0.0054828333333333,13082381648.6667,12915848704.8333,3702005287.66667,1224801187.83333,3665974513.5,4323045004.0,0,33399912.6666667,812505.0,28.6102833333333,9.39936666666667,28.1780166666667,33.8121833333333,38.0096333333333,37.5765166666667,97.4610333333333,0.362576833333333,0.678813333333333,0.706043666666667,0.8980225,100,51137917.8333333,101822904.833333,37.6647611666667,0.102675666666667,area 7m in the medial parietal cortex,Parietal,PCm
7op,7op,Yes,Parietal,0,3,0,0,3,1,2,1,0,8.21,58782111.2,49172793.4,83.376,106902609.5,106902609.5,104381603.0,0.9773072,14610134593.9,98287383.9,13761979665.0,13459076756.5,0.00588,0.0058426,0.0002451,104319326.2,0.9994131,0,0.5000077,0.0056519,14830854551.9,14610134593.9,4317486550.8,1362553716.5,4333922891.6,4596125442.8,0,38275883.7,1089459.3,29.75271,9.36519,29.11484,31.76697,39.1179,38.61447,96.93366,0.3689319,0.6768753,0.7076523,0.886693,100,57323215.8,113935622.9,35.2833933,0.1056206,area 7op (parietal operculum),Parietal,S2
8A,8Av,Yes,Frontal,0,3,0,0,0,1,3,2,0,7.96666666666667,54792509.5555556,46973346.6666667,85.8077777777778,100123968.777778,100123968.777778,99231659.1111111,0.991656888888889,14041089232.4444,93900214.7777778,13295835632.0,13002043309.3333,0.0059066666666666,0.0058617777777777,0.000258,99181567.1111111,0.999490111111111,0,0.500012,0.0055336666666666,14288584896.7778,14041089232.4444,4210754226.0,1394499463.66667,4069756709.66667,4366063324.0,0,37318942.3333333,1174459.33333333,30.4637,9.92397777777778,28.2559111111111,31.3562777777778,40.3877,39.8062666666667,96.5682777777778,0.360180333333333,0.650435777777778,0.712555888888889,0.853869888888889,100,54239976.3333333,107546860.111111,32.5265803333333,0.120187333333333,area 8A[8Ad+8Av],Frontal,FEF
8Bd,8Bd,Yes,Frontal,0,2,0,0,0,1,2,2,2,8.15555555555556,52048204.3333333,42140676.3333333,81.3766666666667,101884294.111111,101884294.111111,89405132.2222222,0.885157,12652603468.8889,84211949.7777778,11923225815.3333,11656836205.8889,0.0060542222222222,0.0060352222222222,0.0002644444444444,89330435.7777778,0.999040333333333,0,0.500036,0.0057597777777777,14241383243.7778,12652603468.8889,3651894513.88889,1240898051.77778,3620903730.88889,4138872168.88889,0,32450646.6666667,1111111.11111111,29.3230111111111,9.6335,27.5566777777778,33.4865333333333,38.9565111111111,34.8310888888889,96.5031444444444,0.368058111111111,0.656060666666667,0.705474666666667,0.863407444444444,100,54774557.2222222,97052641.7777778,34.4374486666667,0.139181888888889,"area 8B,dorsal subdivision",Frontal,PFCdl
8Bm,8Bm,Yes,Frontal,0,2,0,0,0,0,1,0,1,8.55,50495262.5,39888878.0,78.41,96263867.5,96263867.5,85952247.5,0.89166025,11820792686.5,79688473.25,10957669543.5,10695243107.0,0.00646675,0.0064605,0.000229,85854136.5,0.99872875,0,0.500058,0.00615575,13160974476.0,11820792686.5,4158311748.75,1168810079.75,2500525330.75,3993135974.25,0,36698567.5,477845.75,35.154525,9.826225,20.968525,34.050575,44.980775,40.39125,98.689625,0.37345875,0.65833275,0.68898225,0.869431,100,53125424.25,95891139.0,45.959231,0.0119275,"area 8B,medial subdivision",Frontal,PFCdm
8Bs,8Bs,Yes,Frontal,0,3,0,0,0,1,3,2,0,8.08888888888889,53022091.7777778,45867075.3333333,86.1377777777778,98905724.2222222,98905724.2222222,96710043.8888889,0.979823333333333,13708204907.7778,91688597.5555556,13003163856.8889,12736638784.2222,0.005606,0.0055581111111111,0.0002482222222222,96661242.4444444,0.999464222222222,0,0.500012222222222,0.0058007777777777,14109612170.8889,13708204907.7778,4334622833.66667,1414189666.55556,3808264916.88889,4151114734.0,0,38276376.4444444,1153629.77777778,32.4874444444444,10.2826,26.6914222222222,30.5384444444444,42.7700444444444,41.6414555555556,96.7430666666667,0.367848,0.643844888888889,0.706740666666667,0.837235777777778,100,53318835.2222222,104413162.0,34.6321556666667,0.16196,area 8B in the arcuate sulcus(“s” stands for sulcus),Frontal,FEF
9d,9d,Yes,Frontal,0,3,0,0,2,1,2,1,0,7.92222222222222,53071078.8888889,43837490.1111111,82.7266666666667,97564582.2222222,97564582.2222222,93705416.4444444,0.9709,13139902058.7778,87616095.8888889,12290933832.8889,12019547365.5556,0.0061073333333333,0.0060882222222222,0.000254,93640906.6666667,0.999272222222222,0,0.500026111111111,0.0055135555555555,13334644553.4444,13139902058.7778,3810858117.88889,1257368626.22222,3740072254.33333,4331551277.22222,0,34107356.0,900688.888888889,29.4367444444444,9.53301111111111,27.6491444444444,33.3807777777778,38.9697444444444,38.4627666666667,97.2830222222222,0.365974666666667,0.678526222222222,0.703571222222222,0.889102888888889,100,52049008.1111111,103498120.777778,38.2617195555556,0.320227555555556,"area 9, dorsal subdivision",Frontal,PFCdl
9m,9m,Yes,Frontal,0,2,0,0,2,1,2,1,0,8.65,55829781.5,46263002.625,82.905,102352715.875,102352715.875,99090814.75,0.968698375,13939990246.0,92473858.75,13019054265.875,12744478436.0,0.00571975,0.005690375,0.000241125,99033162.0,0.9994195,0,0.50001725,0.005522875,14137362345.25,13939990246.0,4101897406.125,1395651914.0,3905496387.25,4536895598.0,0,37063305.25,761234.375,30.5793625,10.0913125,26.56985,32.7591875,40.670675,40.1874,97.8646375,0.3633285,0.68608475,0.710594,0.90699475,100,55133019.25,109636997.25,37.140465875,0.21816975,"area 9, medial subdivision",Frontal,PFCdm
A1,A1,Yes,Temporal,0,2,0,0,2,1,3,1,0,8.48888888888889,53038994.4444444,43826681.1111111,82.8777777777778,96750171.5555556,96750171.5555556,93953427.4444444,0.977685333333333,13201771101.7778,87597391.3333333,12312220461.1111,12037311483.7778,0.0059293333333333,0.0059061111111111,0.0002353333333333,93893074.8888889,0.999325555555556,0,0.500007222222222,0.0055882222222222,13408339279.6667,13201771101.7778,3884127901.0,1276711091.33333,3777468938.88889,4263401021.66667,0,34450712.0,1163834.33333333,30.3574222222222,9.70235555555556,27.5204555555556,32.4194,40.0597444444444,39.5534111111111,96.6328222222222,0.371288555555556,0.687362111111111,0.699897111111111,0.897576111111111,100,52257294.6666667,103805049.555556,37.4691987777778,0.149362555555556,"auditory area I, core region of the auditory cortex",Temporal ,A1
AL,AL,Yes,Temporal,1,2,0,0,2,0,3,2,0,8.45555555555556,53785069.1,45455574.4,84.405,99481477.9,99481477.9,96568436.6,0.9730109,13527847398.5,90852344.3,12732401910.9,12456443659.2,0.005963,0.0059402,0.0002475,96504712.4,0.9993456,0,0.5000126,0.0059436,14011783278.6,13527847398.5,4291300482.5,1324105955.4,3375245299.7,4537144422.1,0,37652635.7,998251.0,32.14598,9.80632,24.46706,33.58034,41.95231,40.37197,97.2715,0.4207716,0.6445353,0.6533644,0.9091898,100,54292552.6,105654280.2,41.9881748,0.0873376,"anterior lateral, belt region of the auditory cortex",Temporal ,TCs
Amy,amy,No,Subcortical,1,2,0,2,1,0,2,0,0,8.4125,52798173.25,43939271.25,83.14,98912569.125,98912569.125,94560725.75,0.961173625,13031178475.625,87806354.625,12098185574.125,11801315586.375,0.006094375,0.00608825,0.00023825,94482118.5,0.999191625,0,0.500010875,0.005574,13676335540.625,13031178475.625,4081987647.625,1242787605.375,3505682521.125,4200716943.375,0,36822327.25,456599.75,31.4094125,9.6130625,26.5257875,32.4517375,41.0224375,39.185,98.7448875,0.36397375,0.647312,0.69795425,0.868244625,100,55026068.75,105677702.875,40.369119875,0.07086325,amygdala,Subcortical,Amyg
Cd,Striatum,No,Subcortical,0,3,0,0,3,0,2,0,0,8.3125,46161597.75,36576354.25,79.18,83819907.25,83819907.25,78462087.125,0.94024325,10778589703.5,73071577.5,10037769228.125,9735151725.625,0.007115,0.007087375,0.000237625,78373877.5,0.998815875,0,0.50002275,0.005219375,11501776404.0,10778589703.5,3362942468.625,950070500.375,2815446324.25,3650130288.0,0,29789489.875,486589.5,31.29055,8.721975,26.05735,33.9301125,40.0125375,37.4808375,98.373925,0.389414875,0.63934225,0.672449875,0.876129875,100,46435636.25,87478536.5,40.468221375,0.019692125,caudate,Subcortical,Cau
CL,CL,Yes,Temporal,0,1,0,1,1,1,2,1,0,8.67142857142857,53357584.8571429,45003585.5714286,84.5685714285714,101831488.0,101831488.0,95752696.8571429,0.947081,13485790770.7143,89938705.1428571,12671588454.8571,12374249817.8571,0.006107,0.0060741428571428,0.0002431428571428,95679075.7142857,0.999210857142857,0,0.500014857142857,0.0056534285714285,13995883102.2857,13485790770.7143,3878391620.71429,1286046701.0,4107365041.71429,4213909744.57143,0,34361066.5714286,1276289.71428571,29.0994285714286,9.50857142857143,29.9424714285714,31.4490428571429,38.6079714285714,37.3087,96.1454714285714,0.365864714285714,0.680936571428571,0.70732,0.896484571428571,100,53966616.2857143,104797407.142857,34.282347,0.125446857142857,"caudal lateral, belt region of the auditory cortex",Temporal ,TCs
cla,Claustrum,No,Subcortical,0,0,0,0,1,0,0,0,0,8.1,51123311.0,43217783.0,84.54,93244018.0,93244018.0,93244018.0,1.0,12876572846.0,86376516.0,11928603247.0,11683828839.0,0.005664,0.005677,0.000251,93179694.0,0.99931,0,0.500008,0.004984,12973093071.0,12876572846.0,3834286194.0,1117316256.0,3497190980.0,4427779416.0,0,34074624.0,580072.0,29.7772,8.6771,27.1593,34.3863,38.4544,38.1682,98.3261,0.414778,0.619828,0.631681,0.871389,100,51796515.0,103554249.0,49.538658,0.0,,,
CM,CM,Yes,Temporal,0,1,0,0,1,0,3,1,0,8.28333333333333,49334941.5,40445305.8333333,81.9183333333333,87133972.3333333,87133972.3333333,86702950.6666667,0.995868,12120659827.0,80831699.3333333,11300845722.8333,11042117873.0,0.0062483333333333,0.006247,0.0002438333333333,86639563.6666667,0.999238166666667,0,0.500010333333333,0.0058163333333333,12285468427.0,12120659827.0,3597139498.16667,1166271017.83333,3272258349.33333,4084957233.83333,0,32021895.1666667,946522.833333333,30.3675166666667,9.61753333333333,26.2128666666667,33.8019166666667,39.9850333333333,39.52165,97.0573666666667,0.371653,0.672648,0.695658166666667,0.884214333333333,100,48230995.6666667,95978953.3333333,39.8545146666667,0.132901833333333,"caudomedial, belt region of the auditory cortex",Temporal ,TCs
F1,F1_(4),Yes,Frontal,1,3,0,0,2,1,3,2,0,8.025,54771672.0,46990020.75,85.3091666666667,103809534.0,103809534.0,98697201.25,0.9464025,13890926593.5,93900114.3333333,13222725691.5833,12914768117.3333,0.0062059166666666,0.00614075,0.0002455,98611564.6666667,0.998981166666667,0,0.500017083333333,0.0054660833333333,14630565375.5833,13890926593.5,4378971448.41667,1391918106.33333,3781332335.83333,4338652700.08333,0,38780322.4166667,1028154.91666667,32.1704916666667,9.9475,26.4128166666667,31.4688666666667,42.1179833333333,39.433375,97.3229416666667,0.400137666666667,0.642866333333333,0.681278416666667,0.87404025,100,55696292.0833333,106252320.916667,36.2144379166667,0.0497483333333333,"agranular frontal area F1,M1 (Primary motor cortex)",Frontal,M1
F2,F2,Yes,Frontal,0,4,1,0,1,2,3,1,0,7.94166666666667,56047754.9166667,47896219.5,85.0458333333333,104136907.583333,104136907.583333,100280327.083333,0.965242083333333,14124959120.5,95709075.1666667,13490809774.6667,13159956120.0833,0.0065049166666666,0.0064299166666666,0.0002626666666666,100190462.833333,0.998978333333333,0,0.5000185,0.00563825,14734164383.3333,14124959120.5,4390686551.91667,1382344704.91667,3958481891.33333,4393411825.08333,0,38877640.9166667,985189.0,32.17905,9.814525,26.6264416666667,31.3797833333333,41.9935833333333,40.25935,97.4760916666667,0.406465916666667,0.629564166666667,0.677490166666667,0.868471083333333,100,55774737.6666667,107654748.25,34.2802594166667,0.0186774166666667,"agranular frontal area F2,PMdc (dorsal premotor cortex, caudal)",Frontal,PMCdl
F3,F3,Yes,Frontal,1,3,2,0,0,1,3,0,0,8.13,51883962.2,42710974.0,81.798,95747807.6,95747807.6,90825474.0,0.9471433,12585810210.4,85323827.0,11827829724.6,11493262158.6,0.0069494,0.0069127,0.0002394,90718064.0,0.9987106,0,0.5000299,0.0054788,13305038931.4,12585810210.4,4077384260.6,1186683128.0,3074720227.9,4247002795.9,0,35967797.5,701637.7,32.94026,9.47667,23.83397,33.74896,42.41695,39.90987,98.08056,0.3906513,0.6339187,0.6776607,0.8810466,100,52429714.1,99901415.8,41.6508803,0.023719,"agranular frontal area F3,SMA (supplementary motor area)",Frontal,PMCm
F4,F4,Yes,Frontal,0,2,0,0,1,2,0,2,2,7.9,50256399.2222222,42164674.7777778,83.4888888888889,93148445.7777778,93148445.7777778,88885307.0,0.953700888888889,12691265933.3333,84271541.4444444,12042213659.0,11757142441.2222,0.0059582222222222,0.0059137777777777,0.0002637777777777,88822324.0,0.999164888888889,0,0.500043555555556,0.00557,13335064257.4444,12691265933.3333,3409426213.33333,1223796774.0,4082111040.55556,3975869055.33333,0,30252340.8888889,1328181.44444444,28.0257222222222,9.56332222222222,30.3170333333333,32.0935333333333,37.589,35.6159333333333,95.8115333333333,0.379487666666667,0.647192777777778,0.697566555555556,0.863980555555556,100,50010851.7777778,95715998.8888889,29.5664306666667,0.103426666666667,"agranular frontal area F4,PMv (ventral premotor cortex)",Frontal,PMCvl
F5,F5,Yes,Frontal,0,2,0,0,2,1,2,0,0,8.25714285714286,53713544.1428571,45711700.8571429,85.1857142857143,99112972.4285714,99112972.4285714,97074580.0,0.980142,13530510395.7143,91357604.5714286,12738268181.8571,12459818175.0,0.0059814285714285,0.0059435714285714,0.0002324285714285,97004382.2857143,0.999289,0,0.500013428571429,0.0061214285714285,13700009647.1429,13530510395.7143,4542519121.28571,1332072818.28571,3451393438.42857,4204494581.0,0,39841296.0,870191.714285714,33.8217571428571,9.90564285714286,24.8766142857143,31.3957571428571,43.7274,43.2364142857143,97.6296,0.370430428571429,0.648937857142857,0.684585857142857,0.871740857142857,100,53205446.5714286,105992230.857143,38.5138541428571,0.0173791428571429,"agranular frontal area F5,PMv (ventral premotor cortex)",Frontal,PMCvl
F6,F6,Yes,Frontal,0,2,1,0,1,0,1,2,1,8.2125,52136155.0,42830143.5,81.99625,99661304.75,99661304.75,90466000.375,0.911205875,12698702626.0,85563385.25,12015146202.25,11699029799.375,0.0065985,0.006588875,0.000264875,90360928.25,0.998689,0,0.5000655,0.005860875,13925943071.25,12698702626.0,3740770710.5,1215725313.875,3704748698.875,4037429462.25,0,33156417.125,1072669.625,29.5295125,9.3846,28.3557625,32.7299,38.914125,35.676125,96.8353375,0.37111525,0.649806,0.703251875,0.869930375,100,53533311.75,97824435.5,34.296431625,0.010736875,"agranular frontal area F6,PreSMA (presupplementary motor area)",Frontal,PFCdm
F7,F7,Yes,Frontal,0,2,1,0,0,1,1,2,0,7.8,53566068.1428571,47161642.2857143,87.7757142857143,103655504.857143,103655504.857143,99281943.8571429,0.952887,14161327061.8571,94271736.2857143,13449588614.1429,13163533801.0,0.0057551428571428,0.0056891428571428,0.0002615714285714,99227280.2857143,0.999350714285714,0,0.500005428571429,0.0059604285714285,14839039078.5714,14161327061.8571,4169361134.85714,1499482566.42857,4311621456.85714,4180839880.0,0,37199824.7142857,1454625.85714286,29.6743285714286,10.4282857142857,30.3603142857143,29.5369428571429,40.1025714285714,38.0229,95.9541714285714,0.351877285714286,0.660398857142857,0.726202285714286,0.851457285714286,100,55489143.0,106589401.428571,30.518826,0.265291,"agranular frontal area F7,PMdr (dorsal premotor cortex, rostral)",Frontal,PMCdl
FST,FST,Yes,Temporal,0,1,0,1,0,2,3,0,1,8.225,54283207.875,44161025.25,81.795,97780357.625,97780357.625,93991139.0,0.9625465,13223014019.875,88241937.125,12422575969.375,12133981937.375,0.006064125,0.00608375,0.00024325,93905686.25,0.999040375,0,0.500040125,0.005976125,13831198107.375,13223014019.875,3974538114.625,1295216239.875,3702905742.625,4250337203.375,0,35283342.125,1094819.625,30.6901375,9.7041875,26.8185875,32.7869625,40.394325,38.4722625,96.9532625,0.371394625,0.668401125,0.701015625,0.881911375,100,53488523.375,103160270.5,35.707991625,0.169706875,floor of superior temporal area,Temporal ,TCs
G,G,Yes,Insula,1,1,1,0,0,2,1,2,2,8.15,54025743.7,45177623.0,83.234,100733073.0,100733073.0,95008899.5,0.9451339,13513623188.2,90292169.4,12852869960.2,12551174351.8,0.0062878,0.0062626,0.0002895,94941081.0,0.9991518,0,0.5000194,0.0055837,14341627324.7,13513623188.2,3225308072.5,1170182980.9,4671371637.0,4446684809.8,0,28960281.3,1183408.5,25.26268,8.70844,32.95233,33.07606,33.97113,31.85984,96.13531,0.4065791,0.629481,0.6873624,0.8570696,100,54072174.9,102400019.5,30.379708,0.7094152,gustatory cortex,Insula,G
GP,GPeGPi,No,Subcortical,0,0,0,1,0,0,5,0,3,8.47777777777778,52206057.6666667,37271987.7777778,72.2988888888889,98448128.7777778,98448128.7777778,81905302.4444444,0.859514888888889,11211484570.8889,74444609.0,10183057700.3333,9892936624.66667,0.0069415555555555,0.007033,0.0002311111111111,81796500.2222222,0.998634444444444,0,0.500031555555556,0.005168,13293260802.0,11211484570.8889,3500940730.11111,1007827510.0,2661236591.66667,4041468933.11111,0,31117997.0,539338.222222222,31.2702666666667,8.92121111111111,23.4181111111111,36.3903222222222,40.1914555555556,34.8786222222222,98.3079444444444,0.391148333333333,0.664144555555556,0.663553777777778,0.900546333333333,100,55656349.1111111,94727980.6666667,46.9590388888889,0.150668,globus pallidus,Subcortical,GP
HC,HC,No,Subcortical,0,3,0,0,1,0,4,0,0,8.4625,53727271.5,43417498.625,80.495,98089117.125,98089117.125,95121242.5,0.973957,13106304874.0,86778121.375,11952196557.25,11701341231.875,0.005825125,0.005853,0.0002165,95057918.25,0.99934275,0,0.50002375,0.005690625,13575399152.625,13106304874.0,4733000290.625,1296495251.0,2420925914.25,4655883155.125,0,41378958.0,451587.625,35.382,9.762975,19.036275,35.8187375,45.144975,43.5409,98.894975,0.3841585,0.64752125,0.668746,0.877048375,100,55742416.375,108488369.375,48.96145125,0.211887875,hippocampus,Subcortical,HC
Ia,Ia,Yes,Insula,0,0,0,1,0,0,2,0,1,8.85,53360470.0,41557814.75,77.52,106720940.0,106720940.0,87103738.5,0.81240725,11959865624.75,82979018.0,11395825333.0,11077947602.5,0.00683975,0.00680775,0.00024825,86958997.0,0.998259,0,0.500044,0.00663875,14403173150.25,11959865624.75,3803332569.25,1075918262.0,3472086276.25,3608510936.75,0,33883216.75,461889.25,31.682125,8.8745,28.7312,30.711925,40.55665,33.585525,98.64125,0.365115,0.64545625,0.7128175,0.84896525,100,56715815.5,93808093.75,35.42339375,0.0,agranular insula,Insula,Ia
Ial,Ial,Yes,Insula,0,2,0,0,1,1,1,2,1,8.1,52884496.0,45830600.375,85.56875,97920111.875,97920111.875,95915836.75,0.9811645,13712126322.125,91612210.125,13109156461.875,12836954961.875,0.005733,0.005689875,0.000274125,95863480.75,0.99934525,0,0.500016625,0.00571375,13986730941.875,13712126322.125,3545008489.25,1259928222.5,4720402587.25,4186715092.25,0,31760037.5,1079773.0,27.501475,9.2023125,31.956775,31.339075,36.703775,36.1557375,96.8211875,0.36564825,0.66185125,0.70564175,0.8895715,100,51884551.875,102602454.75,28.906746375,0.100545375,lateral agranular insula area,Insula,Ia
Iapl,Iapl,Yes,Insula,0,2,0,0,0,1,1,1,3,8.475,47839874.5,37511026.625,77.3225,86286087.625,86286087.625,79562278.125,0.9298005,11181487281.875,74936546.375,10536158761.75,10258881706.25,0.006390875,0.00637775,0.0002655,79469060.75,0.998702875,0,0.500069375,0.005842,12089325024.125,11181487281.875,3103260266.625,1056802372.75,3324724935.375,3696650173.375,0,27867200.125,818584.75,28.641125,9.213675,28.150275,33.9945625,37.854775,35.1530875,97.1678375,0.37462325,0.647482375,0.702316,0.860260625,100,46739783.75,86694731.5,34.21996775,0.193886,posterolateral agranular insula area,Insula,Ia
Iapm,Iapm,Yes,Insula,0,1,0,0,0,1,1,1,3,8.5,48187994.2857143,36472589.8571429,75.6671428571429,84707805.1428571,84707805.1428571,77663088.0,0.931443142857143,10961141358.5714,72876566.4285714,10291953731.0,10037476849.7143,0.0061937142857142,0.006214,0.000273,77589180.5714286,0.998869,0,0.500074571428571,0.005777,11883877809.8571,10961141358.5714,3029501683.14286,1050181861.42857,3164261174.85714,3717133710.57143,0,27120676.1428571,848175.857142857,28.8409714285714,9.30781428571428,26.6077428571429,35.2429571428571,38.1488,35.5963,97.0774428571429,0.364350428571429,0.647089428571429,0.715119142857143,0.844688428571429,100,45953336.7142857,84823670.2857143,33.94571,0.276079857142857,posteromedial agranular insula area,Insula,Ia
Id,Id,Yes,Insula,0,1,0,0,0,1,5,2,1,8.06,46691662.3,39147785.5,82.658,87384220.2,87384220.2,83840410.1,0.9647645,11901897657.3,78254887.6,11120718415.9,10880827793.8,0.0059867,0.0059899,0.000239,83795037.6,0.999389,0,0.5000206,0.0059566,12446874406.8,11901897657.3,3488579016.7,1236048062.7,3332103563.6,3845092545.8,0,31381061.1,835546.0,31.07994,10.31876,25.53415,33.0667,41.39868,39.81495,97.54474,0.3872433,0.6754815,0.6852847,0.9096393,100,48161756.7,92760078.1,38.8084646,0.2675663,dysgranular insula,Insula,Ip
Ig,Ig,Yes,Insula,0,2,0,0,1,1,4,2,0,8.3,51034045.7,42969055.1,83.527,95376298.5,95376298.5,90606411.9,0.9575274,12841522308.7,85862212.8,12179763394.4,11882659963.9,0.0061512,0.0061153,0.0002315,90525442.8,0.9990301,0,0.5000211,0.0059655,13539966878.1,12841522308.7,4013088006.6,1335718740.2,3606496966.8,3886123966.3,0,35633919.8,983957.8,32.72762,10.44812,25.68464,31.13908,43.17575,41.15274,97.35012,0.3761135,0.6640253,0.6943054,0.8822654,100,51456516.1,98114566.1,35.2333887,0.1387188,granular insula,Insula,Ip
IPa,IPa,Yes,Temporal,0,0,0,0,1,1,3,1,0,8.16666666666667,50753882.1666667,46228720.5,90.9933333333333,101507764.333333,101507764.333333,95351482.1666667,0.938552166666667,13484760588.6667,92305599.1666667,13059468690.5,12676040055.1667,0.0066078333333333,0.0065318333333333,0.000258,95193533.6666667,0.998280333333333,0,0.500007333333333,0.0064573333333333,14392424556.6667,13484760588.6667,3949519485.5,1305127815.5,4606023635.16667,3624027070.5,0,35395361.8333333,1033491.66666667,29.88105,9.69453333333333,33.5633833333333,26.8606,39.5756166666667,36.8473333333333,96.87505,0.352645833333333,0.642972166666667,0.727704666666667,0.838451333333333,100,53025711.3333333,99886841.1666667,27.82167,0.0,"area Ipa,sts fundus",Temporal ,TCc
LIPd,LIPd,Yes,Parietal,0,2,0,0,0,3,3,1,1,7.86,52417098.0,44347554.1,83.683,95142121.5,95142121.5,93923319.6,0.9895988,13398201176.8,88644574.0,12656979333.3,12373262138.1,0.0060495,0.0060327,0.0002909,93868059.8,0.9993284,0,0.5000232,0.0055155,13692859084.1,13398201176.8,3579272272.8,1263193624.2,4185186142.3,4370463476.7,0,31732311.7,1308328.9,27.79323,9.33381,29.31514,33.55735,37.12701,36.48547,96.11313,0.4214838,0.6532782,0.661368,0.9007233,100,51737263.6,102225795.5,33.4847418,0.1611087,"lateral intraparietal area, dorsal subdivision",Parietal,PCip
LIPv,LIPv,Yes,Parietal,0,2,0,0,0,1,4,2,0,8.03333333333333,52793533.3333333,43807198.1111111,82.5211111111111,95718575.8888889,95718575.8888889,94724207.0,0.991598777777778,13436719644.0,87569648.0,12428788849.1111,12152399583.1111,0.0057756666666666,0.0057951111111111,0.0002336666666666,94674884.6666667,0.999427666666667,0,0.500014777777778,0.0054234444444444,13692585044.4444,13436719644.0,3772571251.33333,1326295582.77778,3825069256.22222,4512681242.44444,0,33494358.8888889,1326908.77777778,29.135,9.79481111111111,26.7295222222222,34.3401,38.9298,38.3564666666667,96.1875,0.381474777777778,0.696452777777778,0.695373666666667,0.908194,100,53536609.1111111,106040755.111111,39.1490266666667,0.222052444444444,"lateral intraparietal area, ventral subdivision",Parietal,PCip
ML,ML,Yes,Temporal,0,2,0,1,2,0,1,0,0,8.51666666666667,52671268.6666667,41296584.8333333,78.36,91607460.1666667,91607460.1666667,88960133.0,0.973825666666667,12235139796.0,82514517.3333333,11347427325.8333,11065531089.8333,0.0064706666666666,0.0064696666666666,0.0002291666666666,88874888.6666667,0.999015166666667,0,0.500019666666667,0.0058221666666666,12670504006.1667,12235139796.0,3815958734.16667,1125617169.83333,3121669304.83333,4171894493.83333,0,34105885.1666667,563615.166666667,31.3038333333333,9.27983333333333,25.1816833333333,34.23465,40.5836666666667,39.1936166666667,98.3695333333333,0.360754666666667,0.678135833333333,0.708427,0.891791666666667,100,51135514.3333333,99574695.1666667,41.9659111666667,0.0468753333333333,"middle lateral, belt region of the auditory cortex",Temporal ,TCs
MST,MST,Yes,Temporal,0,1,0,1,0,2,2,1,1,8.1125,54343952.25,45057286.0,83.18625,99375144.375,99375144.375,95649993.875,0.965004625,13580189372.625,90046141.625,12792577315.25,12513170264.0,0.005757625,0.0057365,0.000252125,95576702.75,0.999196,0,0.500017875,0.005645875,14174877506.25,13580189372.625,3662820053.375,1344175259.5,4274570697.375,4298570427.625,0,33095755.0,1167678.75,27.4712125,9.8073875,30.535475,32.1856125,37.278575,35.71925,96.5851625,0.365360625,0.68979225,0.716495375,0.883806375,100,54101512.5,104449552.125,31.050644,0.27931,medial superior temporal area,Temporal ,VACd
MT,MT,Yes,Temporal,0,0,0,0,0,1,0,0,0,7.2,53800957.0,50935051.0,94.67,107601914.0,107601914.0,105022769.0,0.976031,15615150512.0,101863520.0,15148087666.0,14881753612.0,0.004826,0.004691,0.000305,105015916.0,0.999935,0,0.499999,0.004905,16106628906.0,15615150512.0,3339203324.0,1539685597.0,6345573860.0,4390462407.0,0,30512564.0,1695803.0,21.3844,9.8602,40.6373,28.1167,31.2446,30.2912,94.7349,0.350761,0.771768,0.764879,0.911226,100,55767124.0,108954981.0,15.771664,0.0,,,
,Striatum,No,Subcortical,0,2,0,2,0,0,1,0,2,8.5,49787207.2857143,37834893.2857143,75.9157142857143,87131748.8571429,87131748.8571429,80921290.4285714,0.945323857142857,11107683727.5714,75575238.1428571,10372416221.0,10082650060.2857,0.0066491428571428,0.0066681428571428,0.0002405714285714,80820704.5714286,0.998752428571429,0,0.500056428571429,0.0056418571428571,11985566172.2857,11107683727.5714,3360560389.28571,912104038.285714,3110464701.42857,3724554134.57143,0,29586021.1428571,440241.714285714,30.3062428571429,8.23477142857143,26.9900142857143,34.4689714285714,38.5410142857143,36.3252857142857,98.5285571428571,0.380042857142857,0.648487,0.674274571428572,0.873008142857143,100,47843652.2857143,89444776.4285714,39.3924082857143,0.112279285714286,nucleus accumbens,Subcortical,NAcc
,Striatum,No,Subcortical,0,2,0,2,0,0,1,0,2,8.5,49787207.2857143,37834893.2857143,75.9157142857143,87131748.8571429,87131748.8571429,80921290.4285714,0.945323857142857,11107683727.5714,75575238.1428571,10372416221.0,10082650060.2857,0.0066491428571428,0.0066681428571428,0.0002405714285714,80820704.5714286,0.998752428571429,0,0.500056428571429,0.0056418571428571,11985566172.2857,11107683727.5714,3360560389.28571,912104038.285714,3110464701.42857,3724554134.57143,0,29586021.1428571,440241.714285714,30.3062428571429,8.23477142857143,26.9900142857143,34.4689714285714,38.5410142857143,36.3252857142857,98.5285571428571,0.380042857142857,0.648487,0.674274571428572,0.873008142857143,100,47843652.2857143,89444776.4285714,39.3924082857143,0.112279285714286,,,
,Striatum,No,Subcortical,0,2,0,2,0,0,1,0,2,8.5,49787207.2857143,37834893.2857143,75.9157142857143,87131748.8571429,87131748.8571429,80921290.4285714,0.945323857142857,11107683727.5714,75575238.1428571,10372416221.0,10082650060.2857,0.0066491428571428,0.0066681428571428,0.0002405714285714,80820704.5714286,0.998752428571429,0,0.500056428571429,0.0056418571428571,11985566172.2857,11107683727.5714,3360560389.28571,912104038.285714,3110464701.42857,3724554134.57143,0,29586021.1428571,440241.714285714,30.3062428571429,8.23477142857143,26.9900142857143,34.4689714285714,38.5410142857143,36.3252857142857,98.5285571428571,0.380042857142857,0.648487,0.674274571428572,0.873008142857143,100,47843652.2857143,89444776.4285714,39.3924082857143,0.112279285714286,,,
,Striatum,No,Subcortical,0,2,0,2,0,0,1,0,2,8.5,49787207.2857143,37834893.2857143,75.9157142857143,87131748.8571429,87131748.8571429,80921290.4285714,0.945323857142857,11107683727.5714,75575238.1428571,10372416221.0,10082650060.2857,0.0066491428571428,0.0066681428571428,0.0002405714285714,80820704.5714286,0.998752428571429,0,0.500056428571429,0.0056418571428571,11985566172.2857,11107683727.5714,3360560389.28571,912104038.285714,3110464701.42857,3724554134.57143,0,29586021.1428571,440241.714285714,30.3062428571429,8.23477142857143,26.9900142857143,34.4689714285714,38.5410142857143,36.3252857142857,98.5285571428571,0.380042857142857,0.648487,0.674274571428572,0.873008142857143,100,47843652.2857143,89444776.4285714,39.3924082857143,0.112279285714286,,,
PGa,PGa,Yes,Temporal,0,0,0,0,1,2,4,2,0,8.37777777777778,54169721.7777778,49069209.1111111,90.6011111111111,108339443.555556,108339443.555556,101743778.777778,0.938577888888889,14529190610.0,98018138.3333333,14002040801.5556,13634074365.7778,0.0061286666666666,0.0060558888888888,0.0002544444444444,101617956.222222,0.998667555555556,0,0.500015111111111,0.0064647777777777,15510098377.8889,14529190610.0,4330509399.88889,1526256373.44444,4698869870.44444,3973477270.11111,0,38739550.0,1368303.44444444,30.6919888888889,10.4910888888889,31.6056666666667,27.2107888888889,41.1831,38.2537,96.2956888888889,0.377976666666667,0.636189222222222,0.707435444444445,0.846143777777778,100,56862842.7777778,107123359.888889,27.849806,0.138898111111111,"area Pga,dorsal bank/fundus junction of the STS",Temporal ,TCc
Pi,Pi,Yes,Insula,0,0,0,0,0,1,1,1,1,8.175,53076701.0,43699106.25,80.9675,106153402.0,106153402.0,91561938.25,0.84919625,13160997459.25,87331613.0,12557503547.75,12260379996.25,0.00607725,0.00603325,0.000291,91490952.0,0.99900325,0,0.50005575,0.00568975,15085631464.75,13160997459.25,3211152183.75,1234856351.0,4702320663.25,4012558117.5,0,28938439.0,1282863.75,26.031825,9.183575,33.571075,31.212775,35.2154,29.298125,95.640475,0.382291,0.695875,0.71238325,0.8971845,100,56121574.75,97648950.75,29.6889885,0.18914275,parainsular area,Insula,Ia
Pir,Pir,No,Subcortical,0,1,1,0,0,0,1,0,1,8.925,44129458.0,34222472.25,77.5525,77426748.5,77426748.5,74134447.75,0.96527575,10181950386.25,68355215.75,9385309376.75,9115498117.5,0.00642825,0.00643375,0.0002195,74037290.5,0.9987095,0,0.50003975,0.006413,10680967963.0,10181950386.25,3446589958.25,1005652642.0,2283134356.25,3446573229.75,0,30681328.25,368098.25,34.1246,9.917,22.0435,33.91485,44.0416,42.41135,98.81255,0.372002,0.64276175,0.687473,0.860418,100,43490682.0,83641705.5,43.69186025,0.036367,piriform cortex,Subcortical,
PL,PL,No,Subcortical,1,0,0,0,0,0,0,0,0,7.7,47537536.0,38688579.0,81.39,80282539.0,80282539.0,80282539.0,1.0,11019142551.0,77328590.0,10618889974.0,10351768922.0,0.00751,0.007485,0.000351,80230318.0,0.99935,0,0.500006,0.004888,11146370372.0,11019142551.0,2716970367.0,719374014.0,2776173164.0,4806590905.0,0,24069242.0,457242.0,24.6568,6.5284,25.1941,43.6204,31.1852,30.8293,98.1357,0.648496,0.555023,0.47525,1.09889,100,42621602.0,85228885.0,60.025356,0.021714,,,
PrCO,PrCO,Yes,Frontal,0,2,0,0,2,2,0,1,1,7.9625,52041380.875,43283191.5,82.9975,99295824.375,99295824.375,91661933.75,0.928543625,12995000139.75,86499830.125,12273574323.5,11989188742.875,0.005930125,0.005896125,0.00026775,91588879.25,0.9990895,0,0.5000305,0.0055125,13756443279.0,12995000139.75,3401791185.375,1233532036.75,4236032983.625,4123561374.5,0,30639875.875,1191195.75,27.1958125,9.49495,31.10105,32.2076375,36.6907875,34.6488875,96.1400125,0.35905325,0.672010875,0.721156,0.867283,100,52595868.5,99873238.75,31.565041625,0.076250625,precentral opercular area,Frontal,PFCol
pu,Striatum,No,Subcortical,1,3,0,0,2,0,3,0,0,8.7625,47246733.4444444,38039431.6666667,80.1411111111111,87730142.3333333,87730142.3333333,81319029.5555556,0.930639222222222,11157650426.6667,75959678.2222222,10422118134.8889,10100794402.3333,0.0074677777777777,0.0074474444444444,0.0002477777777777,81189217.5555556,0.998388888888889,0,0.500030333333333,0.0052642222222222,12020682746.6667,11157650426.6667,3509700427.0,984010592.888889,2759830011.77778,3904109085.44444,0,31030998.1111111,586110.888888889,31.7151222222222,8.78565555555556,24.3394333333333,35.1597777777778,40.5008111111111,37.3842222222222,98.1805666666667,0.410987,0.628928777777778,0.653405777777778,0.884455555555556,100,48279944.3333333,90085148.2222222,43.7357137777778,0.007396,,,
R,R,Yes,Temporal,0,2,0,0,2,1,2,1,0,8.4125,50264373.875,42951856.875,84.98875,91889605.75,91889605.75,91268718.625,0.9944625,12878042191.5,85860485.0,12123126999.625,11848041161.75,0.005880875,0.005844375,0.000258125,91222006.5,0.999464125,0,0.5000145,0.005651375,13072396381.75,12878042191.5,3663882681.375,1263210339.25,3841566214.75,4109363698.625,0,32963859.625,878393.75,29.1787375,9.73015,28.6646125,32.4264,38.908875,38.4185625,97.4124875,0.37445225,0.67117775,0.6874095,0.892484375,100,50168830.125,99682792.375,37.102660125,0.179303625,"rostral, core region of the auditory cortex",Temporal ,A1
Ri,Ri,Yes,Insula,0,1,0,0,1,0,1,0,0,8.83333333333333,50898283.3333333,44592564.3333333,87.6233333333333,101796566.666667,101796566.666667,93180979.6666667,0.915582,12808941312.6667,88980104.3333333,12233318187.3333,11796157124.0,0.0072243333333333,0.0071786666666666,0.000222,92965574.0,0.997692,0,0.500010666666667,0.007102,14022345089.6667,12808941312.6667,4495963271.66667,1325977064.0,3518328202.33333,3468672535.66667,0,40388458.0,610760.333333333,35.1226333333333,10.3612666666667,27.4350333333333,27.0810666666667,45.4839333333333,41.5889,98.5001666666667,0.341241,0.630581,0.721577333333333,0.819700333333333,100,54232376.0,99834429.6666667,37.8745666666667,0.0,retroinsula,Insula,Ip
RM,RM,Yes,Temporal,0,2,0,0,2,0,4,2,0,8.36,53595860.5,45492157.2,84.706,100874335.5,100874335.5,96554413.3,0.9603347,13501609284.3,90901357.9,12718832832.5,12401098482.0,0.0061842,0.0061567,0.0002335,96463858.4,0.9990401,0,0.5000334,0.006284,14167596833.3,13501609284.3,4572404199.2,1417010357.0,3303737495.8,4208413684.1,0,40519513.0,835625.9,34.06848,10.44254,23.97758,31.51112,44.51101,42.34678,97.79367,0.3861621,0.6468275,0.6734574,0.8760717,100,54950493.1,105530087.0,39.5618002,0.0456353,"rostromedial, belt region of the auditory cortex",Temporal ,TCs
RT,RT,Yes,Temporal,0,2,0,0,0,0,2,0,0,8.725,47566933.0,38297484.5,80.475,86880738.75,86880738.75,83691047.25,0.96761675,11520908508.5,76527767.75,10530690591.75,10269522171.0,0.006255,0.00630875,0.0002185,83617803.0,0.99913275,0,0.50002875,0.00631325,12003576561.0,11520908508.5,4095426582.75,1196245330.25,2198417950.0,4030818469.5,0,36350459.0,372953.5,35.746975,10.4119,18.69445,35.146675,46.158875,44.474225,98.98055,0.37316625,0.629746,0.676179,0.85451725,100,49324125.25,95410471.5,51.53044775,0.070728,"rostrotemporal, core region of the auditory cortex",Temporal ,A1
RTL,RTL,Yes,Temporal,0,2,0,0,0,0,3,0,1,8.48333333333333,50799268.6666667,38964281.5,76.4166666666667,93437795.1666667,93437795.1666667,84940510.5,0.916250333333333,11667818008.6667,77846865.6666667,10689918472.3333,10422049211.6667,0.006684,0.0067198333333333,0.0002155,84850845.6666667,0.998875833333333,0,0.5000545,0.0063431666666666,12760443165.8333,11667818008.6667,4144084828.5,1188858755.5,2256202690.33333,4078660616.0,0,36674061.8333333,389202.666666667,35.1578166666667,9.9964,19.70825,35.1374166666667,45.1542333333333,41.8309666666667,98.9114833333333,0.374736666666667,0.652770666666667,0.683114,0.874453666666667,100,52565976.6666667,96592018.3333333,48.0209756666667,0.0392835,"lateral rostrotemporal, belt region of the auditory cortex",Temporal ,TCs
RTM,RTM,Yes,Temporal,0,2,0,0,0,0,2,0,2,8.51666666666667,51943744.1666667,37680418.3333333,73.09,91692025.8333333,91692025.8333333,81913117.5,0.914771833333333,11249351647.1667,75279771.0,10334281039.6667,10087251746.5,0.0063446666666666,0.0063853333333333,0.0002336666666666,81825565.3333333,0.998855833333333,0,0.5000765,0.0064805,12493585049.0,11249351647.1667,3937039207.83333,1123144761.66667,2201973516.5,3987182350.83333,0,34799288.3333333,380014.166666667,34.6512833333333,9.79485,19.89095,35.6628,44.4461,40.7836,98.8280666666667,0.385941666666667,0.641850333333333,0.677192833333333,0.871139333333333,100,51239926.5,92667714.3333333,46.4911991666667,0.050376,"medial rostrotemporal, belt region of the auditory cortex",Temporal ,TCs
SII,SII,Yes,Parietal,0,2,0,0,2,2,2,1,0,8.24444444444444,49035960.7777778,41685247.2222222,84.5822222222222,89532883.0,89532883.0,88721008.2222222,0.992422222222222,12595056134.0,83334385.4444444,11842195199.8889,11562423671.7778,0.0059387777777777,0.0059048888888888,0.0002523333333333,88681557.7777778,0.999512777777778,0,0.500011222222222,0.0053911111111111,12811980568.4444,12595056134.0,3482385985.55556,1249445728.66667,3811588231.0,4051592170.55556,0,31439737.1111111,914759.111111111,28.4970555555556,9.83318888888889,28.7536777777778,32.9157777777778,38.3302555555556,37.7871666666667,97.1507555555556,0.369774777777778,0.68282,0.708501555555556,0.896229222222222,100,48982809.1111111,97128513.8888889,34.435492,0.105555666666667,secondary somatosensory area (S2),Parietal,S2
STG,STG,Yes,Temporal,0,4,0,0,4,1,5,1,0,8.43333333333333,52819013.0,44059618.1333333,83.1373333333333,96472318.4666667,96472318.4666667,93772562.6666667,0.978413666666667,13070238293.8,88055504.2666667,12277553633.8,11985431764.1333,0.0062446,0.0062241333333333,0.0002438,93703865.0666667,0.999266666666667,0,0.500016266666667,0.0060067333333333,13516190828.3333,13070238293.8,4088925801.73333,1269851017.26667,3506053708.13333,4205379608.13333,0,36437625.8666667,732331.933333333,31.5729,9.65994,26.22502,32.54196,41.2328333333333,40.0547133333333,97.8918666666667,0.375249733333333,0.662301466666667,0.691572333333333,0.889617266666667,100,52743121.0,102746088.733333,38.6312550666667,0.0199622,superior temporal gyrus,Temporal ,TCs
TAa,TAa,Yes,Temporal,0,2,0,0,1,0,1,1,0,8.2,57039934.8,47959229.2,83.924,101684964.6,101684964.6,101175989.6,0.9954918,14166580937.0,95840853.0,13428170225.6,13109010854.6,0.0059206,0.0058766,0.0002522,101092930.4,0.9991786,0,0.500014,0.0060644,14357929680.6,14166580937.0,4357599992.0,1420727327.0,4007288347.2,4380928173.4,0,39170560.0,829918.0,30.74972,10.00274,28.07728,31.17002,40.75248,40.27778,97.7562,0.360629,0.6530566,0.7086992,0.8677028,100,55239318.8,109898632.6,33.2555958,0.037069,"area TAa,sts dorsal bank",Temporal ,TCs
TEa,TEa,Yes,Temporal,0,0,0,0,0,1,0,2,0,7.83333333333333,57238121.6666667,54168979.3333333,94.4833333333333,114476243.333333,114476243.333333,111936125.333333,0.977492333333333,16636434412.0,108329971.333333,16102932660.6667,15838282623.6667,0.0045846666666666,0.004479,0.0003093333333333,111927718.0,0.999924,0,0.499999,0.0049296666666666,17123067171.3333,16636434412.0,3432287994.66667,1719190239.66667,6837606030.66667,4647108667.66667,0,31641200.0,2263070.66666667,20.8834666666667,10.4411,40.6305,28.0433666666667,31.3246,30.4186666666667,93.1069666666667,0.361709666666667,0.730993666666667,0.749540666666667,0.916056333333333,100,59517869.3333333,116495577.666667,12.614475,0.265565666666667,"area TEa,sts ventral bank",Temporal ,TCc
TEad,TEad,Yes,Temporal,0,2,0,0,1,1,3,1,0,8.025,51140374.5,43414329.125,84.5025,97207541.25,97207541.25,92698365.0,0.957357,13041892754.5,86778445.5,12212470469.0,11931473660.75,0.006098625,0.006079875,0.000253875,92643153.5,0.99937225,0,0.500018875,0.005752625,13714987687.0,13041892754.5,3705204879.625,1316517549.875,3856489004.75,4163625174.75,0,33591187.375,930440.75,29.21565,10.065775,28.45045,32.267725,39.2814625,37.3113125,97.134625,0.371229,0.663822625,0.7074905,0.877798,100,53289171.5,102046154.75,34.83002225,0.1753295,dorsal subregion of anterior TE,Temporal ,TCi
TEav,TEav,Yes,Temporal,0,2,0,0,2,1,3,1,0,8.1125,52674858.2222222,44472107.5555556,84.37,98762865.4444444,98762865.4444444,94440051.5555556,0.960207777777778,13251493053.7778,88890561.0,12478450481.5556,12178309852.8889,0.0060278888888888,0.0060007777777777,0.0002518888888888,94381295.5555556,0.999357555555556,0,0.500019333333333,0.0056138888888888,13898253060.8889,13251493053.7778,3799260744.66667,1279528955.11111,3986093187.11111,4186607233.33333,0,34128495.5555556,938642.444444444,28.9719888888889,9.62105555555556,29.5056555555556,31.9012666666667,38.5930555555556,36.7191666666667,97.1961111111111,0.375181555555556,0.650053111111111,0.697798444444444,0.862809666666667,100,53818672.4444444,103285849.0,33.5711548888889,0.109079222222222,ventral subregion of anterior TE,Temporal ,TCi
TEm,TEm,Yes,Temporal,0,2,0,0,0,1,6,1,0,8.25,50826052.1,41405411.9,81.215,92614230.9,92614230.9,89421494.5,0.9697058,12524123660.6,82757814.9,11597265682.0,11326743178.7,0.006159,0.0061823,0.0002345,89363105.6,0.9993184,0,0.5000217,0.0058579,13033879506.0,12524123660.6,3751983739.7,1219961749.7,3331415019.5,4220738121.2,0,33590330.7,733499.6,30.61735,9.75148,25.52623,34.10478,40.36882,38.82602,97.70882,0.3700093,0.6615085,0.6994774,0.8752021,100,51857566.3,100487568.7,40.2000256,0.1187817,"area TEm,sts ventral bank ",Temporal ,TCc
TEO,TEO,Yes,Temporal,0,4,0,0,2,0,0,1,1,7.9125,53709432.75,43593554.0,81.3125,93470687.625,93470687.625,92901605.25,0.99440675,12913212488.875,87120097.75,12113555116.875,11834306189.375,0.006107,0.006091,0.000244375,92829601.5,0.999218625,0,0.500018125,0.005831375,13112011958.875,12913212488.875,3902749870.375,1171204219.25,3603508508.0,4235714265.875,0,34419522.25,966404.5,30.2062125,8.9673625,28.0279875,32.798175,39.173575,38.6769375,96.9681875,0.395164,0.6482625,0.679905125,0.884499,100,51484612.5,102346086.25,39.159999125,0.013704625,area TEO,Temporal ,TCc
TEpd,TEpd,Yes,Temporal,0,3,0,0,2,0,3,0,0,8.4625,54108805.0,44275120.25,81.7875,97856739.5,97856739.5,94155748.625,0.9672085,12979730985.125,88480534.75,12198313551.625,11924278549.875,0.006086375,0.0060795,0.000223125,94081664.0,0.999208375,0,0.500018,0.00633975,13291079999.375,12979730985.125,4424751599.0,1215988178.5,3122233488.0,4216757669.875,0,38848797.875,602825.875,33.8884125,9.3273,24.2284125,32.555875,43.2157,42.21095,98.4277625,0.383265875,0.65211225,0.668843375,0.89360775,100,52488900.375,103264251.875,42.38275825,0.0,dorsal subregion of posterior TE,Temporal ,TCi
TEpv,TEpv,Yes,Temporal,0,2,0,0,2,0,2,1,0,8.11428571428571,54467073.8571429,45120648.7142857,82.7085714285714,101926048.571429,101926048.571429,95622219.1428571,0.943228285714286,13326920439.0,90180691.4285714,12572766878.5714,12275071776.8571,0.0061785714285714,0.0061581428571428,0.0002312857142857,95557624.2857143,0.99931,0,0.500008857142857,0.006077,13817273725.5714,13326920439.0,4355087997.85714,1255607972.0,3551087498.28571,4165103651.85714,0,38168073.0,829533.714285714,32.9895142857143,9.43022857142857,26.2090857142857,31.3709857142857,42.4197428571429,40.9627571428571,97.5166285714286,0.383804857142857,0.662525428571429,0.680752285714286,0.894678285714286,100,53703854.4285714,104419095.142857,38.6185667142857,0.0210668571428571,ventral subregion of posterior TE,Temporal ,TCi
TF,TF,Yes,Temporal,0,1,0,0,0,0,1,0,0,8.55,52020539.0,45776562.0,87.99,104041078.0,104041078.0,94758871.5,0.9108415,13021627794.0,91338808.0,12554775675.0,12081571651.5,0.0074425,0.0073755,0.000225,94536417.0,0.997657,0,0.500009,0.0076385,14309762166.0,13021627794.0,4694885665.0,1335661991.0,3544351015.5,3446729122.5,0,41971087.5,493594.0,36.1159,10.2754,27.14915,26.45955,46.3913,42.2235,98.8279,0.334613,0.637257,0.7271685,0.8194505,100,54702754.0,100112803.0,35.958753,0.0,area TF of the parahippocampal cortex,Temporal ,PHC
TFO,TFO,Yes,Temporal,0,3,0,0,1,0,3,1,0,8.4625,49658522.875,40672729.625,81.4875,88201233.125,88201233.125,87797550.25,0.996632375,12225408244.625,81267312.75,11318937726.375,11029041712.125,0.006478,0.00650725,0.000246625,87711381.25,0.998981125,0,0.50004425,0.00568175,12396242604.0,12225408244.625,3730851561.25,1170803835.875,3045615623.0,4278107327.125,0,33198988.875,759806.75,31.2940125,9.5740625,23.6017125,35.530075,40.8680875,40.3993125,97.686025,0.3889215,0.651251375,0.688154,0.87807125,100,49540774.875,98602528.125,45.12375725,0.175935375,area TFO of the parahippocampal cortex,Temporal ,PHC
TG,TG,Yes,Temporal,0,3,0,0,1,0,0,0,0,7.83333333333333,53746966.25,40092766.5,74.7975,104146263.0,104146263.0,84186424.0,0.82021675,11551040384.25,80081335.25,10990817272.5,10691033968.75,0.0065095,0.006453,0.00022325,84075444.5,0.998679,0,0.50002075,0.005976,13997405606.5,11551040384.25,3635648563.25,953121956.0,3356513084.75,3605755984.25,0,31942631.0,403964.75,31.527975,8.268025,28.9613,31.2427,39.796,32.70415,98.726475,0.394192,0.66354425,0.69214325,0.87463975,100,55675987.0,91371249.0,36.61230375,0.0,temporal pole,Temporal ,TCpol
Tha,TH,No,Subcortical,0,2,0,0,1,0,4,0,0,8.05,48459030.8571429,38031054.7142857,78.41,89355114.0,89355114.0,85410756.0,0.964785142857143,11743608628.1429,76006701.1428571,10442095323.7143,10203481681.0,0.0061122857142857,0.0061594285714285,0.0001857142857142,85346772.0,0.999273,0,0.500021714285714,0.0052698571428571,12326885942.0,11743608628.1429,4259568857.0,1241985175.0,2079822378.42857,4162232093.0,0,37715286.5714286,471736.857142857,36.0635857142857,10.4968857142857,17.8464285714286,35.5930857142857,46.5604857142857,44.5849571428571,98.7385714285714,0.399658428571429,0.638845857142857,0.652856285714286,0.854124285714286,100,52605953.7142857,101233414.714286,52.2978452857143,0.419228428571429,thalamus,Subcortical,TH
TPO,TPO,Yes,Temporal,0,4,0,0,1,1,2,2,1,8.21,51932282.4545455,43058719.8181818,82.1909090909091,92410463.0909091,92410463.0909091,91662737.7272727,0.993277818181818,12935021091.6364,86066520.1818182,12154250327.0,11884784912.9091,0.0058584545454545,0.005838909090909,0.0002521818181818,91607869.0909091,0.999345090909091,0,0.500036,0.0057698181818181,13154335361.9091,12935021091.6364,3910372306.27273,1291522824.72727,3522277089.45455,4210808862.27273,0,34561362.5454545,1063336.81818182,30.7338727272727,9.75978181818182,26.1961818181818,33.3099181818182,40.4936545454545,39.9199181818182,97.0322636363636,0.408259,0.639715272727273,0.665252818181818,0.894379909090909,100,50681068.1818182,100575627.909091,37.353338,0.150841727272727,"area TPO,sts dorsal bank",Temporal ,TCc
Tpt,Tpt,Yes,Temporal,0,2,0,0,0,1,2,0,1,7.88333333333333,47692911.5,39199567.1666667,81.6333333333333,83992402.3333333,83992402.3333333,83600211.6666667,0.996581,11712060999.3333,78341848.6666667,10981553370.1667,10721445375.6667,0.0060491666666666,0.0060426666666666,0.0002418333333333,83538641.0,0.999214833333333,0,0.500021833333333,0.0060961666666666,11868335240.0,11712060999.3333,3558823450.33333,1125622766.16667,3181376335.16667,3846236834.33333,0,31564177.3333333,780701.333333333,31.4416666666667,9.5005,26.0825333333333,32.9752833333333,40.9421666666667,40.4849166666667,97.6202666666667,0.387563833333333,0.654643666666667,0.6695765,0.88408,100,46141224.5,91843468.8333333,39.2336801666667,0.123491,temporo-parietal area,Temporal ,TCs
V1,V1,Yes,Occipital,0,4,0,0,4,0,3,0,0,7.86363636363636,54065930.3636364,40760243.1818182,75.4436363636364,97623303.2727273,97623303.2727273,87084646.0909091,0.900191818181818,11957334964.0909,81433494.4545455,11182199671.0909,10893855106.9091,0.0065454545454545,0.0065503636363636,0.0002336363636363,86991873.8181818,0.998899090909091,0,0.500022272727273,0.0059601818181818,13288814257.5455,11957334964.0909,3526913228.81818,972428236.181818,3286407542.81818,4171585580.27273,0,30906557.9090909,726631.272727273,29.4671545454545,8.09930909090909,27.6900272727273,34.7435090909091,37.5664454545455,33.9548818181818,97.7057,0.390006454545455,0.660367363636364,0.664213,0.907788454545455,100,53710208.0,96843620.2727273,41.4996211818182,0.122076818181818,"visual area 1, primary visual cortex",Occipital,V1
V2,V2,Yes,Occipital,0,4,0,0,4,1,5,1,0,8.07333333333333,53871157.4666667,42903528.0666667,80.06,99779378.8666667,99779378.8666667,89800871.2,0.9055464,12497256690.2,85731040.9333333,11936988411.3333,11652186832.5333,0.0063616666666666,0.0063108666666666,0.0002546,89720265.6,0.999050266666667,0,0.500017933333333,0.0055422,13781004392.8,12497256690.2,3638606214.26667,1048603651.66667,3782502725.13333,4027521135.0,0,31979969.0,812673.933333333,29.3763266666667,8.3379,29.9405333333333,32.3450866666667,37.7142266666667,34.13324,97.4767666666667,0.399173533333333,0.6528912,0.6747378,0.895611266666667,100,53363477.4666667,96724110.5333333,36.4017568666667,0.0564797333333333,visual area 2,Occipital,V2
V3d,V3d,Yes,Occipital,0,1,1,1,0,0,2,0,0,9.22,52105704.6,42811629.8,81.964,102068594.4,102068594.4,90464868.6,0.88588,12414444676.8,85494130.2,11733262480.2,11348244715.0,0.0071164,0.0070844,0.0002392,90326944.8,0.9984324,0,0.5000148,0.0061268,13957975222.2,12414444676.8,3673604507.6,1111305519.0,3892545140.6,3736988821.6,0,33080827.4,768174.0,29.38476,8.88666,31.53354,30.19504,38.27144,34.1723,97.69074,0.345156,0.6445394,0.725183,0.8333772,100,55199879.2,98769784.2,34.0528456,0.0,"visual area 3, dorsal part",Occipital,VACd
V3v,V3v,Yes,Occipital,1,3,0,0,1,1,2,0,0,8.1125,55673086.875,44986321.875,81.015,95417490.5,95417490.5,95112320.625,0.99724925,13242093744.25,89917489.875,12525243975.125,12247753108.25,0.006280875,0.006271875,0.000266125,95053539.5,0.99937,0,0.500009625,0.005641375,13400894061.625,13242093744.25,3699111168.75,1115879620.0,3912019073.0,4515023327.0,0,32680558.875,875534.125,28.3001,8.4353875,28.69595,34.5681625,36.7354875,36.34195,97.39475,0.409173,0.64127275,0.66850625,0.901109875,100,52039037.125,103735165.5,40.866524375,0.159287375,"visual area 3, ventral part",Occipital,VACv
V4,V4,Yes,Occipital,0,3,0,0,1,1,2,0,0,8.01428571428571,50150403.0,42637545.5714286,84.2757142857143,92320617.7142857,92320617.7142857,90427051.8571429,0.982427857142857,12659643934.7143,85216405.0,11936865849.5714,11674051892.5714,0.0056572857142857,0.0056521428571428,0.0002481428571428,90364057.7142857,0.999240142857143,0,0.500013714285714,0.0057012857142857,12995394483.7143,12659643934.7143,3686545151.14286,1214659076.57143,3764551624.85714,3993886657.0,0,33153727.8571429,865913.714285714,30.0372142857143,9.64392857142857,28.1257857142857,32.1931,39.6811,38.664,97.4211285714286,0.369047714285714,0.644039285714286,0.701334428571429,0.857033285714286,100,50438382.4285714,98942446.2857143,35.8344781428571,0.193467142857143,"visual area 4,dorsal part",Occipital,VACd
V4v,V4v,Yes,Occipital,1,4,0,0,0,1,1,0,0,8.34285714285714,57902681.2857143,49591281.5714286,85.78,104385667.428571,104385667.428571,104050313.714286,0.996791857142857,14505818144.4286,99104281.4285714,13822697511.7143,13506908631.0,0.0061234285714285,0.0060868571428571,0.0002647142857142,103967866.857143,0.999202,0,0.500008714285714,0.0054957142857142,14676289620.4286,14505818144.4286,4144425862.28571,1297034077.42857,4541881885.57143,4522454852.71429,0,37172856.0,839123.142857143,28.7653857142857,9.01405714285714,30.8324285714286,31.3879857142857,37.7794428571429,37.3684428571429,97.6981428571429,0.357851,0.655067714285714,0.707032428571429,0.871887571428571,100,56173840.0,111949135.428571,32.855992,0.0205567142857143,"visual area 4,ventral part",Occipital,TCv
VIP,VIP,Yes,Parietal,1,2,0,0,2,2,2,2,0,7.98181818181818,50304991.9090909,43065997.7272727,85.42,94331261.5454545,94331261.5454545,92551709.1818182,0.982417636363636,13169183294.7273,86084426.0,12253454082.5455,11989760331.1818,0.0055646363636363,0.005555,0.0002542727272727,92499741.8181818,0.999389181818182,0,0.500019454545455,0.0051598181818181,13513762348.6364,13169183294.7273,3529468555.90909,1293509988.81818,3968352291.0,4377719305.63636,0,31621221.5454545,1283292.72727273,27.5614727272727,9.74290909090909,29.0555545454545,33.6392272727273,37.3043727272727,36.3089,96.0826090909091,0.375416818181818,0.681617181818182,0.702721545454545,0.890261090909091,100,51897857.5454545,101983368.636364,35.8839209090909,0.232366272727273,ventral intraparietal area,Parietal,PCip
