"sample_id","PC1","PC2","network","donor_id"
"19R348",-2.26909105958008,-10.3948744838612,"Parietal, and Parieto-occipital region","2"
"19R349",-3.41969143074349,-15.3299879866088,"Parietal, and Parieto-occipital region","2"
"19R350",-2.04690768198199,-2.13158564792829,"Occipital/Temporal","2"
"19R356",6.28844038091421,5.84472353131198,"Orbitomedial Prefrontal Cortex (OMPFC)","2"
"19R357",1.25277754411432,1.3646782679914,"Orbitomedial Prefrontal Cortex (OMPFC)","2"
"19R358",1.1382659620195,6.15742481902472,"Orbitomedial Prefrontal Cortex (OMPFC)","2"
"19R359",3.62688372564212,8.82889866269707,"Orbitomedial Prefrontal Cortex (OMPFC)","2"
"19R361",8.45604620444671,3.66497321729743,"Frontal (agranular frontal motor areas)","2"
"19R369",-0.549456712146796,-2.73292038395281,"Frontal (agranular frontal motor areas)","2"
"19R372",7.31071329263199,-2.64702849498196,"Parietal, and Parieto-occipital region","2"
"19R376",13.0072505837989,5.06839416853205,"Temporal","2"
"19R378",10.046615575396,-15.8365314603328,"Subcortical","2"
"19R416",1.10579564949456,1.801572572818,"Frontal (agranular frontal motor areas)","92"
"19R421",10.5435952126549,-6.81814504834075,"Frontal (agranular frontal motor areas)","92"
"19R422",5.54684987711775,-13.1205660512002,"Frontal (agranular frontal motor areas)","92"
"19R423",3.84919700873306,-17.3874221978715,"Subcortical","92"
"19R425",-5.9835290758563,-18.1343885139415,"Parietal, and Parieto-occipital region","92"
"19R426",-3.77026028986213,-9.48600260229162,"Parietal, and Parieto-occipital region","92"
"19R428",-5.66861035152354,-3.92141875806018,"Temporal","92"
"19R429",-5.78114909511226,-0.796646408224078,"Temporal","92"
"19R432",-7.58739550498612,-16.8276271207241,"Occipital/Temporal","92"
"19R461",10.167569280853,-13.5197402123391,"Parietal, and Parieto-occipital region","92"
"19R462",5.73367143350922,-11.5510343761341,"Parietal, and Parieto-occipital region","92"
"19R464",9.49288468205067,-12.9718721914788,"Temporal","92"
"19R465",11.8028459408596,5.18405438798978,"Temporal","92"
"19R466",9.45691123746148,-11.9002810610998,"Temporal","92"
"19R467",7.3748849841899,-15.2174419378819,"Occipital/Temporal","92"
"19R468",10.3056478456952,-4.77873607475392,"Occipital/Temporal","92"
"19R469",12.9112990554895,-8.44836958862505,"Occipital/Temporal","92"
"19R470",10.2179045889167,-7.3116274874978,"Occipital/Temporal","92"
"19R471",9.65452639425436,-14.2324320974228,"Frontal (agranular frontal motor areas)","92"
"19R472",2.91645510554158,-15.7942489541125,"Occipital/Temporal","92"
"19R495",13.0116854972785,0.680714378831002,"Lateral Prefrontal Cortex","92"
"19R496",11.1020142204381,-10.3261530310348,"Lateral Prefrontal Cortex","92"
"19R497",10.1416776052823,-11.0763242541458,"Lateral Prefrontal Cortex","92"
"19R498",10.5432379533862,-9.06310911100144,"Lateral Prefrontal Cortex","92"
"19R499",11.4423110352336,2.90987871449326,"Orbitomedial Prefrontal Cortex (OMPFC)","92"
"19R500",12.7257699962515,2.38471118083932,"Orbitomedial Prefrontal Cortex (OMPFC)","92"
"19R501",12.0354080971302,-5.92171715408124,"Frontal (agranular frontal motor areas)","92"
"19R502",10.6490951347697,-0.54773483507391,"Temporal","92"
"19R503",11.4880896331078,5.90351565310969,"Temporal","92"
"19R504",9.7111623327451,0.156455507605771,"Temporal","92"
"19R505",13.2763124103669,7.11729393113419,"Operculum/Insula","92"
"19R506",11.9550324774917,-13.013459005996,"Operculum/Insula","92"
"19R507",11.0302136586309,-9.80679068033195,"Temporal","92"
"19R508",10.3640699706435,-11.7254585027917,"Temporal","92"
"19R509",11.9747650373202,-6.51600116606828,"Temporal","92"
"19R510",8.47923984366588,-9.0983909951996,"Temporal","92"
"19R511",11.1816524100946,-3.67705519140853,"Hippocampal formation","92"
"19R512",10.1473136460862,-4.30402354837211,"Parietal, and Parieto-occipital region","92"
"19R513",8.83612529298821,-15.4165606427105,"Parietal, and Parieto-occipital region","92"
"19R514",10.8681041382899,5.47524542934168,"Temporal","92"
"19R515",8.10501920578412,-17.7348328179219,"Temporal","92"
"19R516",11.0587832068809,-10.609849876282,"Subcortical","92"
"19R517",7.54493464244463,-18.2636245236234,"Occipital/Temporal","92"
"19R518",10.9740115462485,-17.2474499197334,"Subcortical","92"
"19R519",11.4123687765921,-4.8968728806821,"Subcortical","92"
"19R352",-3.81145641509927,-2.56143769972944,"Subcortical","2"
"19R353",13.663584722248,-4.73846754621239,"Subcortical","2"
"19R364",12.9626841445605,6.46802732237889,"Operculum/Insula","2"
"19R368",-3.09177359215052,-5.15791576596356,"Parietal, and Parieto-occipital region","2"
"19R371",12.8614316094392,-1.37243830152389,"Occipital/Temporal","2"
"19R578",12.3340581846903,-2.72828617021606,"Frontal (agranular frontal motor areas)","92"
"19R579",13.1158595568185,-2.8994371642642,"Operculum/Insula","92"
"19R580",6.73173981410509,0.366939977988577,"Operculum/Insula","92"
"19R581",11.6174632917456,-3.01447891460407,"Cingulate gyrus","92"
"19R582",11.4239657272529,-7.09096897967912,"Parietal, and Parieto-occipital region","92"
"19R583",12.3285292887435,-7.3296142634286,"Parietal, and Parieto-occipital region","92"
"19R584",11.8538995627671,-13.7677812445627,"Temporal","92"
"19R585",9.78461239220485,-11.3267473728271,"Temporal","92"
"19R586",11.5900355528283,-11.1443681401394,"Temporal","92"
"19R587",12.4935882092158,-4.13844258785484,"Temporal","92"
"19R588",17.8312186687167,-0.475400497380858,"Lateral Prefrontal Cortex","92"
"19R589",14.075590243816,-9.44392623607456,"Lateral Prefrontal Cortex","92"
"19R590",12.8894702669434,-4.40784206383844,"Orbitomedial Prefrontal Cortex (OMPFC)","92"
"19R591",12.9112914399631,0.491077760170729,"Orbitomedial Prefrontal Cortex (OMPFC)","92"
"19R592",13.4269167303149,-1.78736604191565,"Orbitomedial Prefrontal Cortex (OMPFC)","92"
"19R593",14.1293026572249,6.63702274372443,"Orbitomedial Prefrontal Cortex (OMPFC)","92"
"19R594",13.4828058446385,1.17533035242036,"Lateral Prefrontal Cortex","92"
"19R595",11.6646412745894,4.38534502535323,"Orbitomedial Prefrontal Cortex (OMPFC)","92"
"19R596",9.99230989888628,-5.807355446191,"Orbitomedial Prefrontal Cortex (OMPFC)","92"
"19R597",13.545357442682,5.21548571484295,"Orbitomedial Prefrontal Cortex (OMPFC)","92"
"19R598",12.4716959307746,2.0649704769699,"Orbitomedial Prefrontal Cortex (OMPFC)","92"
"19R599",10.4303392574891,-0.624656091080767,"Orbitomedial Prefrontal Cortex (OMPFC)","92"
"19R600",12.0302231764727,-12.9359689529079,"Lateral Prefrontal Cortex","92"
"19R601",12.5637197047141,3.47418479860815,"Orbitomedial Prefrontal Cortex (OMPFC)","92"
"19R602",13.9537509808632,2.58781811048558,"Orbitomedial Prefrontal Cortex (OMPFC)","92"
"19R603",14.6817255522235,2.48764485300319,"Orbitomedial Prefrontal Cortex (OMPFC)","92"
"19R604",13.9504884120329,10.3991351671081,"Orbitomedial Prefrontal Cortex (OMPFC)","92"
"19R605",12.6646316132433,-2.90301739203773,"Orbitomedial Prefrontal Cortex (OMPFC)","92"
"19R606",10.2475637180251,-15.8775507208651,"Lateral Prefrontal Cortex","92"
"19R607",10.7952011514326,-9.45388738222535,"Frontal (agranular frontal motor areas)","92"
"19R608",12.94038979186,-1.31256247684789,"Lateral Prefrontal Cortex","92"
"19R609",13.1684856945044,3.3927021269762,"Orbitomedial Prefrontal Cortex (OMPFC)","92"
"19R610",14.3441000346814,8.55886270284195,"Cingulate gyrus","92"
"19R611",9.17805300253318,-6.53946461288063,"Parietal, and Parieto-occipital region","92"
"19R612",10.3786114093378,-5.72765005841008,"Parietal, and Parieto-occipital region","92"
"19R613",11.2746022174081,-6.61040015695404,"Temporal","92"
"19R614",8.31610897111537,6.49522699892092,"Temporal","92"
"19R627",18.1824362304331,21.3482885809761,"Orbitomedial Prefrontal Cortex (OMPFC)","34"
"19R628",18.2052911327098,19.6360601918893,"Lateral Prefrontal Cortex","34"
"19R629",16.3650053060069,20.4986310151471,"Lateral Prefrontal Cortex","34"
"19R630",15.1886229050922,20.6142288767319,"Lateral Prefrontal Cortex","34"
"19R631",11.6984655613906,23.0613939505802,"Orbitomedial Prefrontal Cortex (OMPFC)","34"
"19R632",14.2094621474078,21.7821150753965,"Lateral Prefrontal Cortex","34"
"19R633",18.763571723446,20.911213420979,"Lateral Prefrontal Cortex","34"
"19R634",15.1505816857073,17.686835588213,"Lateral Prefrontal Cortex","34"
"19R635",16.6456442635094,21.9082842553908,"Lateral Prefrontal Cortex","34"
"19R636",15.2347089565636,19.6960876311664,"Orbitomedial Prefrontal Cortex (OMPFC)","34"
"19R637",15.4567573092385,23.1430555645539,"Orbitomedial Prefrontal Cortex (OMPFC)","34"
"19R638",15.6938612308817,25.5555807258598,"Orbitomedial Prefrontal Cortex (OMPFC)","34"
"19R639",15.2142869423835,22.7371224833086,"Orbitomedial Prefrontal Cortex (OMPFC)","34"
"19R640",16.0027277195466,17.101367968369,"Lateral Prefrontal Cortex","34"
"19R641",16.1448027553033,15.4695491228698,"Lateral Prefrontal Cortex","34"
"19R642",15.2290621519711,17.8866773775529,"Lateral Prefrontal Cortex","34"
"19R643",15.7119616289137,22.1229625027039,"Cingulate gyrus","34"
"19R644",12.7971899262895,15.9823708468595,"Cingulate gyrus","34"
"19R645",15.2295599515527,15.8491011666078,"Frontal (agranular frontal motor areas)","34"
"19R646",14.2083252291994,14.1939768048153,"Frontal (agranular frontal motor areas)","34"
"19R647",13.2294172266958,4.55899292183946,"Lateral Prefrontal Cortex","34"
"19R648",13.610177264516,10.5050026452491,"Lateral Prefrontal Cortex","34"
"19R649",14.7857678409604,22.2606766581975,"Orbitomedial Prefrontal Cortex (OMPFC)","34"
"19R650",17.5023249633407,20.7318043321545,"Orbitomedial Prefrontal Cortex (OMPFC)","34"
"19R651",17.1649467518904,16.7167224851906,"Frontal (agranular frontal motor areas)","34"
"19R652",14.6683648347795,6.89377267448072,"Frontal (agranular frontal motor areas)","34"
"19R653",16.7381684836279,12.7360873219853,"Frontal (agranular frontal motor areas)","34"
"19R654",12.9708525129445,14.5411345085537,"Parietal, and Parieto-occipital region","34"
"19R655",15.7183855623555,21.4735772351466,"Parietal, and Parieto-occipital region","34"
"19R656",12.0716844260175,18.1944826999276,"Temporal","34"
"19R657",17.7705194271975,-5.03616778563623,"Subcortical","34"
"19R658",15.2938393068,3.34978897714996,"Subcortical","34"
"19R659",17.8602682549149,14.6760416628651,"Operculum/Insula","34"
"19R660",12.1503532953305,5.39009295485838,"Temporal","34"
"19R661",14.7482598646648,8.11120332706925,"Temporal","34"
"19R662",15.2597144812784,5.02978351304941,"Temporal","34"
"19R663",13.8325950917182,4.95001170362545,"Parietal, and Parieto-occipital region","34"
"19R664",17.1353922909388,16.9947738644806,"Parietal, and Parieto-occipital region","34"
"19R665",14.8289512541797,11.8079487187639,"Parietal, and Parieto-occipital region","34"
"19R666",12.1765205309828,4.99804681659388,"Temporal","34"
"19R667",16.617297382961,7.3135418070749,"Temporal","34"
"19R668",16.6219921976276,16.2315517779055,"Temporal","34"
"19R669",13.5026819878767,11.763678922812,"Temporal","34"
"19R670",15.1240736034234,19.0568092411093,"Temporal","34"
"19R671",13.9280020952312,1.45090533483738,"Parietal, and Parieto-occipital region","34"
"19R672",15.4508524168849,11.9841506734072,"Temporal","34"
"19R673",13.9521003916422,7.22181685527179,"Temporal","34"
"19R674",14.0034799833047,8.2980408637942,"Occipital/Temporal","34"
"19R675",11.9064562950198,5.32923417378974,"Temporal","34"
"19R676",11.5563605311087,12.7825105698349,"Temporal","34"
"19R677",15.6853860545926,16.5619364288483,"Parietal, and Parieto-occipital region","34"
"19R678",12.3442651187618,7.03116715709003,"Occipital/Temporal","34"
"19R679",14.5003647306417,18.125222648702,"Occipital/Temporal","34"
"19R680",12.8504750216894,5.26557270371564,"Occipital/Temporal","34"
"19R722",15.8952431895435,1.7683900140616,"Occipital/Temporal","34"
"19R723",15.4582003877616,2.35464575578695,"Occipital/Temporal","34"
"19R724",19.6674071414586,23.9903081611865,"Orbitomedial Prefrontal Cortex (OMPFC)","34"
"19R725",14.5205212585212,9.44892430665597,"Lateral Prefrontal Cortex","34"
"19R726",15.0875388718984,19.7096495142633,"Lateral Prefrontal Cortex","34"
"19R727",17.1154397019059,22.2358668463942,"Lateral Prefrontal Cortex","34"
"19R728",16.5957836030638,18.8500919656209,"Orbitomedial Prefrontal Cortex (OMPFC)","34"
"19R729",15.4517357712288,21.5892980405537,"Lateral Prefrontal Cortex","34"
"19R730",21.469733509252,21.066538822172,"Lateral Prefrontal Cortex","34"
"19R731",12.8613172785004,13.6582832417971,"Lateral Prefrontal Cortex","34"
"19R732",17.9361800227088,21.4641741516159,"Orbitomedial Prefrontal Cortex (OMPFC)","34"
"19R733",18.794234427579,25.6024951770014,"Orbitomedial Prefrontal Cortex (OMPFC)","34"
"19R734",19.0755546805975,24.8755780290521,"Orbitomedial Prefrontal Cortex (OMPFC)","34"
"19R735",17.5316321684163,21.3111509272707,"Orbitomedial Prefrontal Cortex (OMPFC)","34"
"19R736",16.1250080761422,18.6378320349235,"Orbitomedial Prefrontal Cortex (OMPFC)","34"
"19R737",15.4769715581119,16.7550361340777,"Lateral Prefrontal Cortex","34"
"19R739",17.6668839795609,10.3736905115628,"Frontal (agranular frontal motor areas)","34"
"19R740",15.8492508764759,8.89922845023167,"Frontal (agranular frontal motor areas)","34"
"19R741",17.0819287880909,12.9160155172346,"Lateral Prefrontal Cortex","34"
"19R742",13.6330973618554,6.3580938532159,"Lateral Prefrontal Cortex","34"
"19R743",13.3063976946449,11.4164071481567,"Lateral Prefrontal Cortex","34"
"19R738",14.5297194643706,19.9882435067971,"Lateral Prefrontal Cortex","34"
"19R746",14.9621210687757,18.3955019813468,"Parietal, and Parieto-occipital region","34"
"19R747",15.352383450129,11.074558538485,"Parietal, and Parieto-occipital region","34"
"19R748",13.7741502138229,11.2370873557364,"Operculum/Insula","34"
"19R749",11.7707117489931,12.0682083781036,"Temporal","34"
"19R750",13.3458030609388,21.1024830557246,"Temporal","34"
"19R751",14.0451524298797,8.23663122457673,"Parietal, and Parieto-occipital region","34"
"19R752",12.2936369335671,10.4349945797883,"Parietal, and Parieto-occipital region","34"
"19R753",10.7268835393521,-2.09139845914883,"Temporal","34"
"19R754",11.1356676012863,0.114587866317733,"Temporal","34"
"19R755",13.4097739586519,9.75958405157532,"Temporal","34"
"19R756",14.3543083611095,18.643476438259,"Temporal","34"
"19R757",12.3161067054615,-4.15969846043159,"Occipital/Temporal","34"
"19R758",13.158468820001,1.34418656683908,"Occipital/Temporal","34"
"19R759",12.5780764606677,7.19975773034813,"Occipital/Temporal","34"
"19R760",13.4353733597406,12.760569702454,"Occipital/Temporal","34"
"19R793",11.0916476229391,13.8908517091372,"Operculum/Insula","34"
"19R794",17.0936266375269,22.8097277508434,"Temporal","34"
"19R795",11.7523467175915,15.6029777887976,"Operculum/Insula","34"
"19R796",8.49280414007394,15.0150857798716,"Temporal","34"
"19R797",14.3110704954218,11.1293859930012,"Frontal (agranular frontal motor areas)","34"
"19R798",12.0216233650675,-3.15480527150234,"Subcortical","34"
"19R799",15.3186215952926,23.1116250534638,"Frontal (agranular frontal motor areas)","34"
"19R800",11.2220713990774,11.683447282693,"Temporal","34"
"19R801",12.4722299063116,-3.02656614595459,"Subcortical","34"
"19R802",10.6980188065713,14.862481885788,"Temporal","34"
"19R803",10.5358926549832,8.32390197772898,"Subcortical","34"
"19R804",12.7165605762169,15.5946393785714,"Cingulate gyrus","34"
"19R805",10.4391606641488,10.3715892941638,"Temporal","34"
"19R806",10.9984134907274,14.3376819905109,"Temporal","34"
"19R807",13.2201498745396,15.8603743811067,"Subcortical","34"
"19R808",11.8736522328579,20.1657921287372,"Operculum/Insula","34"
"19R809",10.8268016073677,13.653056982734,"Operculum/Insula","34"
"19R810",12.3733165634477,16.6306575756826,"Cingulate gyrus","34"
"19R811",9.39363962526365,18.4774841159973,"Operculum/Insula","34"
"19R812",11.5125668466875,11.4520737752733,"Temporal","34"
"19R813",12.448219025673,22.7658622819756,"Operculum/Insula","34"
"19R814",13.2938975650486,-1.48580868892168,"Subcortical","34"
"19R815",12.7178418894939,13.1079465091127,"Temporal","34"
"19R816",10.6853783163116,9.2552652631512,"Operculum/Insula","34"
"19R817",10.5553962355318,19.7184652400617,"Subcortical","34"
"19R818",11.486399789249,17.1448919949611,"Cingulate gyrus","34"
"19R819",11.6787472578232,11.8762370021495,"Parietal, and Parieto-occipital region","34"
"19R820",12.1182619051509,17.0796476712712,"Operculum/Insula","34"
"19R821",11.6781219398239,11.4588534960573,"Lateral Prefrontal Cortex","34"
"19R822",9.6016727597935,7.81055544181352,"Temporal","34"
"19R823",10.7084562953629,6.28944733074293,"Temporal","34"
"19R744",10.5521422219754,16.4935987122473,"Frontal (agranular frontal motor areas)","34"
"19R745",13.2480870095617,3.38451004014072,"Frontal (agranular frontal motor areas)","34"
"19R824",11.8674671231061,6.30520915968567,"Occipital/Temporal","34"
"19R825",12.7467375512311,18.6268821180386,"Temporal","34"
"19R826",14.0506057479409,13.5352949315669,"Lateral Prefrontal Cortex","34"
"19R827",16.0089646523048,16.5461226331762,"Lateral Prefrontal Cortex","34"
"19R828",13.3253269492662,11.3611878716895,"Parietal, and Parieto-occipital region","34"
"19R829",10.8986579059412,13.1857854982815,"Frontal (agranular frontal motor areas)","34"
"19R830",16.0042290561727,19.2769605167895,"Orbitomedial Prefrontal Cortex (OMPFC)","34"
"19R831",6.3293709007009,15.8540545789893,"Orbitomedial Prefrontal Cortex (OMPFC)","34"
"19R832",11.2053232268925,14.3276003931875,"Temporal","34"
"19R833",14.8313329444864,23.0897326031946,"Temporal","34"
"19R834",12.7269713407387,17.8682943026677,"Operculum/Insula","34"
"19R835",12.3179383670634,23.4871703842003,"Orbitomedial Prefrontal Cortex (OMPFC)","34"
"19R836",13.1005359383888,20.3626088738715,"Operculum/Insula","34"
"19R837",11.375031704712,13.3774513679044,"Temporal","34"
"19R838",15.2061231376938,17.956094183828,"Frontal (agranular frontal motor areas)","34"
"19R839",10.1581965172803,-10.3478741482905,"Subcortical","34"
"19R840",14.0188358505763,19.4192984435983,"Cingulate gyrus","34"
"19R841",12.0526374372528,7.62473413871988,"Cingulate gyrus","34"
"19R842",6.51564769834133,17.6356945946786,"Temporal","34"
"19R843",10.1839185643131,11.6231507162042,"Frontal (agranular frontal motor areas)","34"
"19R844",4.69275733575661,21.4084724116364,"Temporal","34"
"19R845",8.98662968552645,15.0088675637706,"Temporal","34"
"19R846",12.3642525144844,20.3897742907179,"Temporal","34"
"19R873",8.08565984007424,1.17155226221844,"Parietal, and Parieto-occipital region","34"
"19R874",9.47620939751732,-1.33351803962342,"Parietal, and Parieto-occipital region","34"
"19R875",13.0640987164932,14.014974152253,"Parietal, and Parieto-occipital region","34"
"19R876",14.9159401044022,20.0084886837648,"Temporal","34"
"19R877",12.9464915901759,2.40123497701917,"Hippocampal formation","34"
"19R878",8.09090589790557,1.98619863125233,"Occipital/Temporal","34"
"19R879",12.6274830080395,5.65390972865591,"Parietal, and Parieto-occipital region","34"
"19R880",12.877785835051,3.23095863187883,"Temporal","92"
"19R881",12.3481478410963,-0.338418317730988,"Temporal","92"
"19R882",9.35234237622285,3.74044471039783,"Temporal","34"
"19R883",13.8222240488527,14.1838235364497,"Temporal","34"
"19R884",15.8653998393938,9.34452452312476,"Frontal (agranular frontal motor areas)","34"
"19R885",12.5117612731994,1.10667219518579,"Orbitomedial Prefrontal Cortex (OMPFC)","92"
"19R886",11.1894106242772,-0.236632762660648,"Temporal","92"
"19R887",12.5688283019352,0.528564691066839,"Lateral Prefrontal Cortex","34"
"19R888",11.0895308282365,3.70218175246705,"Orbitomedial Prefrontal Cortex (OMPFC)","92"
"19R889",10.047487721672,-1.92212695334193,"Orbitomedial Prefrontal Cortex (OMPFC)","92"
"19R890",12.3908707115034,9.442487785223,"Parietal, and Parieto-occipital region","34"
"19R891",10.7162446118641,25.1079535299848,"Lateral Prefrontal Cortex","34"
"19R892",15.2251080137885,9.2032916477781,"Hippocampal formation","34"
"19R893",15.3254874879648,13.0343748843352,"Parietal, and Parieto-occipital region","34"
"19R894",13.2782583791116,10.1917415647434,"Parietal, and Parieto-occipital region","34"
"20R046",17.5192025252878,14.5725785802709,"Temporal","34"
"20R047",17.2979533284389,25.192583919942,"Orbitomedial Prefrontal Cortex (OMPFC)","34"
"20R048",14.4383296254202,3.9938359481413,"Temporal","92"
"20R049",15.0172297379385,13.1640946473672,"Parietal, and Parieto-occipital region","34"
"20R050",15.4535615830887,7.66638529190245,"Lateral Prefrontal Cortex","34"
"20R051",11.0956259552519,-1.26583437033397,"Orbitomedial Prefrontal Cortex (OMPFC)","92"
"20R052",11.4077993745199,-8.24986188786051,"Subcortical","34"
"20R053",9.38841457630514,-3.53851115738989,"Occipital/Temporal","34"
"20R054",13.7748941953595,-1.3858228368823,"Parietal, and Parieto-occipital region","34"
"20R055",16.2970716343225,-3.58353836226614,"Temporal","92"
"20R056",11.9596929040726,-17.4526812913353,"Parietal, and Parieto-occipital region","92"
"20R057",10.8728421467507,-13.1228778647951,"Temporal","92"
"20R058",10.5708281430944,-12.6724309384779,"Temporal","92"
"20R059",13.0620384808239,2.95183850909652,"Occipital/Temporal","34"
"20R060",14.8128329277876,16.2310480083343,"Cingulate gyrus","34"
"20R061",13.6189468656573,3.48236586378998,"Temporal","92"
"20R070",15.1576184491366,-1.72047124478688,"Parietal, and Parieto-occipital region","92"
"20R071",14.4262988293222,11.7043007756899,"Parietal, and Parieto-occipital region","34"
"20R072",13.6840387644935,6.81314064539197,"Temporal","34"
"20R073",13.0985802344351,1.59968114451763,"Occipital/Temporal","34"
"20R074",11.1984860104281,0.0158076139219501,"Parietal, and Parieto-occipital region","34"
"20R075",13.1087439017749,4.93188129115474,"Occipital/Temporal","34"
"20R076",14.3344380811094,-6.29006742540391,"Parietal, and Parieto-occipital region","92"
"20R077",10.5346842659936,-9.426995975135,"Occipital/Temporal","34"
"20R078",18.1894385570414,18.9872701742859,"Temporal","34"
"20R079",13.0375614403583,-14.5578195059637,"Parietal, and Parieto-occipital region","92"
"20R080",16.5508726153188,6.28590246582213,"Temporal","34"
"20R081",14.9275569511526,17.4247106100624,"Temporal","34"
"20R082",14.6359404737607,7.65267255499244,"Temporal","34"
"20R083",15.0218554064953,21.6632039175128,"Lateral Prefrontal Cortex","34"
"20R085",13.9079083124915,11.6328239925449,"Temporal","34"
"20R086",13.3769978986745,9.12597693419737,"Operculum/Insula","34"
"20R087",12.1106097443762,7.4562576353694,"Temporal","34"
"20R088",16.0675297003859,20.1302067198243,"Orbitomedial Prefrontal Cortex (OMPFC)","34"
"20R089",12.339981081204,1.06613836207453,"Occipital/Temporal","34"
"20R090",14.8977884317347,14.9846349059504,"Parietal, and Parieto-occipital region","34"
"20R091",13.3151886114516,12.4492203327927,"Occipital/Temporal","34"
"20R092",11.1820327680614,-5.00555941932423,"Temporal","92"
"20R093",13.9600790738183,16.1498253183845,"Lateral Prefrontal Cortex","34"
"20R094",15.1408704624903,-4.39655253442927,"Operculum/Insula","92"
"20R095",14.1431220472253,6.88173613013133,"Subcortical","34"
"20R096",14.5093169281402,13.0231145346751,"Temporal","34"
"20R097",11.9568319171778,-10.3485990148104,"Subcortical","34"
"20R098",12.9447245272892,7.93192115084303,"Hippocampal formation","34"
"20R099",15.717445777369,-4.92902285859291,"Lateral Prefrontal Cortex","xq"
"20R100",15.3642209894047,1.24719013889964,"Lateral Prefrontal Cortex","xq"
"20R101",15.9260577760716,1.87519875494745,"Orbitomedial Prefrontal Cortex (OMPFC)","xq"
"20R102",17.8832373100305,4.16658165437538,"Orbitomedial Prefrontal Cortex (OMPFC)","xq"
"20R103",16.462043509078,-1.46175083567407,"Lateral Prefrontal Cortex","xq"
"20R104",15.3191595292774,5.15646923596066,"Cingulate gyrus","xq"
"20R105",14.6477805700378,-1.96054625853095,"Orbitomedial Prefrontal Cortex (OMPFC)","xq"
"20R106",14.2043591474467,3.13062103996214,"Orbitomedial Prefrontal Cortex (OMPFC)","xq"
"20R107",16.2929726663883,2.07868634554994,"Orbitomedial Prefrontal Cortex (OMPFC)","xq"
"20R108",12.6524079072301,-3.62666685326547,"Orbitomedial Prefrontal Cortex (OMPFC)","xq"
"20R109",9.43010549602764,-14.0589290942117,"Frontal (agranular frontal motor areas)","xq"
"20R110",12.7032457412235,-13.2621531706031,"Frontal (agranular frontal motor areas)","xq"
"20R111",11.7773165242093,-4.54105770577835,"Frontal (agranular frontal motor areas)","xq"
"20R112",12.9351293508069,-22.3135797208714,"Subcortical","xq"
"20R113",17.0120398561151,-22.4269036837876,"Subcortical","xq"
"20R114",12.3159345359653,-10.0323959554149,"Lateral Prefrontal Cortex","xq"
"20R115",12.2791083930458,-13.3875125681771,"Lateral Prefrontal Cortex","xq"
"20R116",13.2462707758365,-10.4848392692714,"Lateral Prefrontal Cortex","xq"
"20R117",12.9604713165413,-17.6666220798798,"Lateral Prefrontal Cortex","xq"
"20R118",17.9544350061221,-16.1385179290609,"Subcortical","xq"
"20R119",11.6786896908518,-22.129338180692,"Parietal, and Parieto-occipital region","xq"
"20R120",14.3791778489004,-13.242976345351,"Operculum/Insula","xq"
"20R121",15.2758453584186,-8.94159472248474,"Operculum/Insula","xq"
"20R122",16.0794094935226,-12.6345085917992,"Hippocampal formation","xq"
"20R123",12.923168896473,-0.593950177235834,"Temporal","xq"
"20R125",12.4073371952286,-13.649071233374,"Temporal","xq"
"20R126",14.0866140245767,-16.7698167503752,"Parietal, and Parieto-occipital region","xq"
"20R127",11.7427883573275,-19.1243235353156,"Temporal","xq"
"20R128",15.283725235076,-21.0089612754485,"Temporal","xq"
"20R129",13.0196001913006,-7.63714885975747,"Temporal","xq"
"20R130",11.6830207788469,-12.6746971628996,"Parietal, and Parieto-occipital region","xq"
"20R131",15.3951273790632,-14.2331292317615,"Temporal","xq"
"20R132",13.3943001762966,-10.1990983469612,"Parietal, and Parieto-occipital region","xq"
"20R133",12.2781980274718,-13.4739469788184,"Parietal, and Parieto-occipital region","xq"
"20R134",15.9247653988077,-21.538267151965,"Occipital/Temporal","xq"
"20R135",14.2377612708489,-24.1463801813074,"Occipital/Temporal","xq"
"20R136",19.0805880248318,-9.49286389235447,"Occipital/Temporal","xq"
"20R137",17.8443502096336,-14.1403343343151,"Parietal, and Parieto-occipital region","xq"
"20R138",20.1952251812984,3.02219040817861,"Lateral Prefrontal Cortex","xq"
"20R139",18.2130898388526,-1.25017405517495,"Lateral Prefrontal Cortex","xq"
"20R140",19.1002254540216,2.27510676516811,"Orbitomedial Prefrontal Cortex (OMPFC)","xq"
"20R141",18.7893885433029,4.12298542330723,"Orbitomedial Prefrontal Cortex (OMPFC)","xq"
"20R084",14.3080004815103,8.28521820161895,"Temporal","34"
"20R124",15.1092770932653,-9.55824762538968,"Temporal","xq"
"20R142",19.9794799927026,2.79977640529935,"Orbitomedial Prefrontal Cortex (OMPFC)","xq"
"20R143",18.103377540619,-5.84535617550747,"Lateral Prefrontal Cortex","xq"
"20R144",19.6684228168317,-0.69817901682898,"Lateral Prefrontal Cortex","xq"
"20R145",20.9212875255144,0.206044552797958,"Lateral Prefrontal Cortex","xq"
"20R146",18.5784809793864,-2.28445879595198,"Lateral Prefrontal Cortex","xq"
"20R147",17.6739518912049,-11.7002125533227,"Lateral Prefrontal Cortex","xq"
"20R148",18.6066213777755,-5.21605836490795,"Lateral Prefrontal Cortex","xq"
"20R149",17.3220237231594,-5.9484839513469,"Lateral Prefrontal Cortex","xq"
"20R150",16.2206942013886,-3.59695346126922,"Frontal (agranular frontal motor areas)","xq"
"20R151",20.747476443808,1.18311928288973,"Frontal (agranular frontal motor areas)","xq"
"20R152",18.4847674738121,1.8339757232551,"Frontal (agranular frontal motor areas)","xq"
"20R153",17.9384505959558,4.3639652653348,"Cingulate gyrus","xq"
"20R154",20.5220147920558,-5.72934346309708,"Operculum/Insula","xq"
"20R155",22.3494428658096,-20.5514262405481,"Subcortical","xq"
"20R156",19.3750584465436,-6.32772852726967,"Parietal, and Parieto-occipital region","xq"
"20R157",20.5635280072013,-21.1188254595683,"Subcortical","xq"
"20R158",17.4785760652358,-3.94563692332198,"Temporal","xq"
"20R159",18.8572637864502,-7.32133316476073,"Temporal","xq"
"20R160",17.2962868156837,-1.02603087408233,"Operculum/Insula","xq"
"20R161",17.0130130954875,-8.59568777919732,"Operculum/Insula","xq"
"20R162",19.4185678666764,-4.55577692811931,"Frontal (agranular frontal motor areas)","xq"
"20R163",18.9874639163208,2.17999044080234,"Temporal","xq"
"20R164",16.3767583779063,-9.88302595582277,"Frontal (agranular frontal motor areas)","xq"
"20R165",17.4881897308057,-0.745959446471976,"Temporal","xq"
"20R166",14.7275047889948,-12.4593959222452,"Temporal","xq"
"20R167",15.5010879763772,-11.4085276199258,"Temporal","xq"
"20R168",14.4636698632523,-22.0360574592874,"Subcortical","xq"
"20R169",18.095597396791,-5.47302398161338,"Frontal (agranular frontal motor areas)","xq"
"20R170",17.3087522526768,-14.5334624110821,"Temporal","xq"
"20R171",18.0361358535698,-0.617519450736138,"Hippocampal formation","xq"
"20R172",18.2534487398837,-6.43950202211485,"Temporal","xq"
"20R173",18.2836171411341,-3.7044518129779,"Temporal","xq"
"20R174",21.0859114178343,-3.57587549605831,"Temporal","xq"
"20R175",15.7636981805865,-21.5987378863776,"Occipital/Temporal","xq"
"20R176",13.8723313115662,-23.3316263289063,"Occipital/Temporal","xq"
"20R177",17.4773990306346,-12.0230755348983,"Occipital/Temporal","xq"
"20R178",15.9663865172948,-20.496573849272,"Parietal, and Parieto-occipital region","xq"
"20R179",19.2894201700603,-7.47646236834338,"Parietal, and Parieto-occipital region","xq"
"20R180",19.2785842432408,-15.7019429005413,"Temporal","xq"
"20R181",18.5827378607854,2.33650804308119,"Temporal","xq"
"20R182",17.3606572130748,-11.7718349938044,"Parietal, and Parieto-occipital region","xq"
"20R183",16.6191805956921,-11.3881294754708,"Lateral Prefrontal Cortex","xq"
"20R184",14.7722512527206,-0.873587750908189,"Temporal","xq"
"20R185",17.2851370675558,-7.0019931667323,"Parietal, and Parieto-occipital region","xq"
"20R186",17.9241571006076,-6.19417237329231,"Parietal, and Parieto-occipital region","xq"
"20R187",12.0978922097292,-16.762854142629,"Occipital/Temporal","xq"
"20R188",16.9503501142656,-11.9312796489536,"Hippocampal formation","xq"
"20R189",14.8141302089293,-11.6436504131183,"Occipital/Temporal","xq"
"20R190",19.3880330350444,-16.7421084423561,"Parietal, and Parieto-occipital region","xq"
"20R191",18.161946743644,-0.379137633915343,"Orbitomedial Prefrontal Cortex (OMPFC)","xq"
"20R192",18.5416723839354,-9.37192933768841,"Lateral Prefrontal Cortex","xq"
"20R193",16.6050934487351,-13.7439077348427,"Lateral Prefrontal Cortex","xq"
"20R194",18.5951467298997,-9.96802847318445,"Lateral Prefrontal Cortex","xq"
"20R195",18.339739811841,-5.92896949999424,"Frontal (agranular frontal motor areas)","xq"
"20R196",18.5723498370087,-5.25118052178238,"Frontal (agranular frontal motor areas)","xq"
"20R197",15.7376316854656,-15.0933553570336,"Lateral Prefrontal Cortex","xq"
"20R198",18.0795829840972,-8.26105561170439,"Lateral Prefrontal Cortex","xq"
"20R199",19.0000650680504,-0.463469582077584,"Lateral Prefrontal Cortex","xq"
"20R200",17.6329539536216,-2.36004632922625,"Lateral Prefrontal Cortex","xq"
"20R201",16.604692111874,-2.07683609783576,"Lateral Prefrontal Cortex","xq"
"20R202",22.14984651242,4.58850956315387,"Lateral Prefrontal Cortex","xq"
"20R203",21.6051276485967,6.40171639330949,"Orbitomedial Prefrontal Cortex (OMPFC)","xq"
"20R204",18.6713832654463,-2.15562716029236,"Temporal","xq"
"20R205",17.3113941221863,-13.728621290816,"Temporal","xq"
"20R206",16.8286046233082,-10.3680788646855,"Temporal","xq"
"20R207",20.2073521150642,-1.62766777889016,"Temporal","xq"
"20R208",19.1730523159282,-7.7107516330056,"Cingulate gyrus","xq"
"20R209",18.8461883218321,-23.9797718608943,"Subcortical","xq"
"20R210",17.0932385614122,-7.9663674008269,"Hippocampal formation","xq"
"20R211",19.1187645454769,-11.3060321829412,"Frontal (agranular frontal motor areas)","xq"
"20R212",17.2939145150567,-10.6793925769922,"Parietal, and Parieto-occipital region","xq"
"20R213",20.8366393336934,-1.33811705450267,"Parietal, and Parieto-occipital region","xq"
"20R214",16.3656378664068,-11.2607903964921,"Operculum/Insula","xq"
"20R215",16.2855200576746,-6.12517093086555,"Temporal","xq"
"20R216",20.5182013399783,-3.79717785856807,"Temporal","xq"
"20R217",17.7895039762579,-2.38905676165355,"Temporal","xq"
"20R218",19.0944672346051,4.1646923895937,"Temporal","xq"
"20R219",16.1760464731963,-2.7905392525291,"Temporal","xq"
"20R220",16.8367224905445,-11.1452533552597,"Subcortical","xq"
"20R221",18.7593794578546,-25.3108005194598,"Subcortical","xq"
"20R222",19.5311848374391,4.48065832464093,"Parietal, and Parieto-occipital region","xq"
"20R223",14.7164703115701,-6.14176580126769,"Operculum/Insula","xq"
"20R224",16.5911447032012,-5.80011178673475,"Temporal","xq"
"20R225",17.7937700872732,-0.536072949026419,"Temporal","xq"
"20R226",17.2628800545459,-1.11161493191095,"Temporal","xq"
"20R227",17.4838339090057,1.60988606029023,"Temporal","xq"
"20R228",16.0939973205517,-9.87550350180358,"Operculum/Insula","xq"
"20R229",16.5567498865764,-9.35033278109939,"Temporal","xq"
"20R230",16.9711905949856,-10.5973918461539,"Temporal","xq"
"20R231",18.0381665471644,-3.92365929189855,"Temporal","xq"
"20R232",19.8038982547205,0.567051617088684,"Temporal","xq"
"20R233",17.8477693658967,-23.6378587635621,"Subcortical","xq"
"20R234",18.2314175257869,1.4767490401168,"Lateral Prefrontal Cortex","xq"
"20R235",19.6877733292089,-1.66055193645632,"Lateral Prefrontal Cortex","xq"
"20R236",15.6272302241216,2.22597212245752,"Orbitomedial Prefrontal Cortex (OMPFC)","xq"
"20R237",16.9327255705908,1.25750466229501,"Orbitomedial Prefrontal Cortex (OMPFC)","xq"
"20R238",16.2619462813986,8.42989245767441,"Cingulate gyrus","xq"
"20R239",17.7894967748513,-7.37816952746799,"Cingulate gyrus","xq"
"20R240",16.9429993882223,-7.65546353978749,"Operculum/Insula","xq"
"20R241",16.092771199225,-4.40065120972464,"Operculum/Insula","xq"
"20R242",19.2032680650936,0.749834741616876,"Temporal","xq"
"20R243",16.8342940593156,-6.18978402641581,"Temporal","xq"
"20R244",22.0366553656785,8.41349334182524,"Temporal","xq"
"20R245",17.4891211345793,-5.87924119562903,"Temporal","xq"
"20R246",17.4389833775731,-16.3263604351574,"Parietal, and Parieto-occipital region","xq"
"20R247",17.1643315714527,-16.3316467395371,"Parietal, and Parieto-occipital region","xq"
"20R248",15.7126272922025,-12.7436377677253,"Temporal","xq"
"20R249",16.4979973699385,-16.3911330643245,"Temporal","xq"
"20R250",17.7421756208148,-5.30008931569775,"Temporal","xq"
"20R251",14.3811425216357,-12.0868951956715,"Temporal","xq"
"20R252",18.1459650303916,-2.42571507675241,"Temporal","xq"
"20R253",14.7972422370273,-6.34260772607893,"Operculum/Insula","xq"
"20R254",18.8943123655619,-1.11355679870509,"Operculum/Insula","xq"
"20R255",16.7741887277857,-2.33211398759573,"Operculum/Insula","xq"
"20R256",22.6032612281762,3.98362106646605,"Subcortical","xq"
"20R257",16.5519243892233,-14.0859029222946,"Parietal, and Parieto-occipital region","xq"
"20R258",15.0452813479471,-13.5768043892286,"Parietal, and Parieto-occipital region","xq"
"20R259",17.7570775086776,-18.0350131684187,"Temporal","xq"
"20R260",13.4165017955721,-15.5115453324074,"Temporal","xq"
"20R261",16.4521287712911,-11.1194271181167,"Temporal","xq"
"20R262",21.1387410754925,-1.265157771465,"Temporal","xq"
"20R263",16.4758462890699,-9.99887923195923,"Subcortical","xq"
"20R264",15.9880754306119,-3.73839602051846,"Operculum/Insula","xq"
"20R265",16.4617438601542,-10.4738779704186,"Temporal","xq"
"20R270",14.7876923615813,0.277821640383604,"Lateral Prefrontal Cortex","xq"
"20R271",14.6303779115584,-16.9694538338505,"Occipital/Temporal","xq"
"20R272",14.7851040232927,-27.7031947772932,"Subcortical","xq"
"20R273",14.2652795308161,-13.3782107329601,"Temporal","xq"
"20R274",17.2286302018382,-17.6174323722068,"Parietal, and Parieto-occipital region","xq"
"20R275",17.5832933748818,-26.4313126706275,"Subcortical","xq"
"20R276",17.6671479114052,-24.9359580115617,"Subcortical","xq"
"20R277",14.3793177493018,-17.518658075314,"Parietal, and Parieto-occipital region","xq"
"20R278",17.4722254031645,-15.9700011011001,"Parietal, and Parieto-occipital region","xq"
"20R279",18.2293326763139,-16.2825231361493,"Parietal, and Parieto-occipital region","xq"
"20R280",15.653197432826,-15.2351512640812,"Temporal","xq"
"20R281",15.3509506554872,-22.2600082709902,"Occipital/Temporal","xq"
"20R282",16.7818831289575,-19.2440891267013,"Occipital/Temporal","xq"
"20R283",19.6676724924272,-12.4515314281541,"Occipital/Temporal","xq"
"20R284",19.3728528270699,-7.02856514668179,"Temporal","xq"
"20R285",16.7159334422109,-30.9114579330486,"Subcortical","xq"
"20R286",18.1361763032696,-28.3547597786415,"Subcortical","xq"
"20R287",19.9195251001146,-9.43110091707565,"Cingulate gyrus","xq"
"20R288",16.9471265058811,-7.31009686581512,"Cingulate gyrus","xq"
"20R289",18.2132674411687,-6.43169157769491,"Cingulate gyrus","xq"
"20R290",21.2094155567767,3.57175723893051,"Orbitomedial Prefrontal Cortex (OMPFC)","xq"
"20R291",12.9143535037943,-7.36953593153223,"Subcortical","zs"
"20R293",9.08185716068053,-3.94618592640494,"Operculum/Insula","zs"
"20R294",10.271350743641,4.71146988133834,"Operculum/Insula","zs"
"20R300",11.182717059631,-0.505601439101849,"Frontal (agranular frontal motor areas)","zs"
"20R301",10.0815358031024,-1.43534125974061,"Operculum/Insula","zs"
"20R302",11.1602111370516,3.14219435975131,"Operculum/Insula","zs"
"20R303",11.9285132669746,12.7407275602803,"Operculum/Insula","zs"
"20R304",10.3457244253814,7.00111652573204,"Operculum/Insula","zs"
"20R305",13.6495015040822,8.70266754179504,"Subcortical","zs"
"20R306",13.5760190244338,-10.4459492092494,"Subcortical","zs"
"20R307",9.40931694481986,4.94087760782757,"Operculum/Insula","zs"
"20R308",10.6035153197685,3.27002280679749,"Temporal","zs"
"20R309",10.2404868740045,-12.3718898755023,"Parietal, and Parieto-occipital region","zs"
"20R310",10.3305042520441,-3.17235734458761,"Parietal, and Parieto-occipital region","zs"
"20R311",11.907156969672,-3.45462449967301,"Temporal","zs"
"20R312",9.86031188029682,-8.89892022169425,"Temporal","zs"
"20R313",9.33727751115623,-15.1627759742832,"Occipital/Temporal","zs"
"20R314",8.49205500588906,-13.3506955723023,"Occipital/Temporal","zs"
"20R315",9.45328483447265,-9.1560989125624,"Temporal","zs"
"20R316",11.3106115586942,-6.08308576511652,"Operculum/Insula","92"
"20R320",15.7247647320547,1.81938093835896,"Lateral Prefrontal Cortex","zs"
"20R321",15.9351284037139,-1.44566871914151,"Lateral Prefrontal Cortex","zs"
"20R322",17.5645245059165,13.6869236389631,"Orbitomedial Prefrontal Cortex (OMPFC)","zs"
"20R323",15.4548357160107,0.937675027709198,"Orbitomedial Prefrontal Cortex (OMPFC)","zs"
"20R324",14.1172238254262,-2.91188648207744,"Frontal (agranular frontal motor areas)","zs"
"20R325",13.4633250546132,-2.34977352625684,"Operculum/Insula","zs"
"20R326",14.5103812691716,0.568952533399979,"Operculum/Insula","zs"
"20R327",13.5851918140171,1.7358759252374,"Operculum/Insula","zs"
"20R328",12.2381929457498,1.5291286460708,"Operculum/Insula","zs"
"20R331",13.2881117814174,2.47822640637545,"Lateral Prefrontal Cortex","zs"
"20R332",13.1287409871728,0.839006476925194,"Frontal (agranular frontal motor areas)","zs"
"20R335",13.9088394968842,5.71746472507886,"Orbitomedial Prefrontal Cortex (OMPFC)","zs"
"20R336",15.4383105138699,-13.7934402058893,"Subcortical","zs"
"20R337",14.5374920715666,2.70255136777572,"Cingulate gyrus","zs"
"20R338",13.3604289432167,5.25557523969289,"Temporal","zs"
"20R340",11.6535725357515,2.24515121028182,"Temporal","zs"
"20R341",12.2859031827364,1.07005327204874,"Operculum/Insula","zs"
"20R342",11.5504930857678,3.00076422232285,"Operculum/Insula","zs"
"20R343",12.8372074848248,3.72112746014485,"Orbitomedial Prefrontal Cortex (OMPFC)","zs"
"20R344",14.3595216948369,2.41406139811087,"Orbitomedial Prefrontal Cortex (OMPFC)","zs"
"20R345",13.859346359476,9.40312641079821,"Orbitomedial Prefrontal Cortex (OMPFC)","zs"
"20R346",13.6783161999702,-17.6931149168949,"Subcortical","zs"
"20R347",14.0003085630973,-14.9329204830536,"Subcortical","zs"
"20R504",7.78643887917046,1.97917426774414,"Orbitomedial Prefrontal Cortex (OMPFC)","xq"
"20R505",10.0946828510681,19.7586095619585,"Orbitomedial Prefrontal Cortex (OMPFC)","34"
"20R360",10.1815264987122,-18.8128305790526,"Operculum/Insula","xq"
"20R361",8.77178571488066,-18.2579810846589,"Temporal","xq"
"20R362",11.990384280553,-13.9105805535909,"Temporal","xq"
"20R363",9.46090622540907,-8.49844875657968,"Operculum/Insula","92"
"20R364",9.47998501472398,-5.23675502025904,"Temporal","92"
"20R365",8.56076561465712,-9.3456299803923,"Temporal","92"
"20R366",15.4210107804886,-10.5510901840599,"Subcortical","xq"
"20R367",11.8790237116811,-4.58985980302814,"Cingulate gyrus","xq"
"20R368",9.89758234674255,-9.36953263689465,"Temporal","xq"
"20R369",6.75320946658643,-11.8109613212795,"Temporal","xq"
"20R370",6.92443607591356,-11.1034659790356,"Cingulate gyrus","xq"
"20R371",11.7849714896254,5.48307416975071,"Temporal","xq"
"20R372",7.17473817821682,-10.262858319748,"Temporal","xq"
"20R373",11.314547368856,-8.57762694329202,"Temporal","xq"
"20R374",10.6227671002369,-8.22586971619087,"Cingulate gyrus","xq"
"20R375",8.76530509750609,6.1584387607672,"Orbitomedial Prefrontal Cortex (OMPFC)","xq"
"20R376",12.5847375432764,13.4508515309803,"Orbitomedial Prefrontal Cortex (OMPFC)","34"
"20R377",14.4921926420221,20.6011064958569,"Orbitomedial Prefrontal Cortex (OMPFC)","34"
"20R378",13.6975040739312,11.9058187377177,"Orbitomedial Prefrontal Cortex (OMPFC)","34"
"20R379",15.5417788885399,23.4107085474559,"Orbitomedial Prefrontal Cortex (OMPFC)","34"
"20R380",12.5387234203466,-18.2590121521915,"Occipital/Temporal","xq"
"20R381",12.9850334585106,-19.4604282639521,"Occipital/Temporal","xq"
"20R382",7.3740955401338,2.58871997200554,"Operculum/Insula","34"
"20R383",14.8802873992213,18.7646352223769,"Temporal","34"
"20R384",12.8536704979711,8.65455362159131,"Cingulate gyrus","34"
"20R385",13.5345127689202,15.1585708539734,"Cingulate gyrus","34"
"20R386",15.4039528119844,-12.4284237317306,"Temporal","xq"
"20R387",14.4230698846835,-1.87418482687543,"Cingulate gyrus","xq"
"20R388",16.3990090734832,-10.8584750729281,"Cingulate gyrus","xq"
"20R506",17.460709970248,2.62587774658619,"Operculum/Insula","xq"
"20R507",13.0222263205928,-4.08722531379215,"Operculum/Insula","xq"
"20R508",14.9136171046508,-1.90704548347347,"Operculum/Insula","xq"
"20R509",14.7346318942197,-1.42914275676867,"Subcortical","34"
"20R510",12.8199286332595,-9.44637272162357,"Temporal","xq"
"20R511",8.03082528678713,0.587959045554497,"Operculum/Insula","79"
"20R512",9.0856515488947,-3.09367630671173,"Subcortical","79"
"20R513",6.56265604714273,-5.57201375950348,"Cingulate gyrus","79"
"20R514",11.5018658209668,-10.3765724374217,"Subcortical","79"
"20R515",11.0744889138516,-11.7098770716593,"Subcortical","79"
"20R516",4.69571267439586,2.52204937452931,"Orbitomedial Prefrontal Cortex (OMPFC)","79"
"20R517",11.4415537355581,3.09065747154337,"Orbitomedial Prefrontal Cortex (OMPFC)","79"
"20R518",6.15412940252746,-19.9889785101603,"Subcortical","79"
"20R519",9.60225070010382,-3.79308190830977,"Subcortical","79"
"20R520",10.1380910119851,2.71644980242529,"Cingulate gyrus","79"
"20R521",9.68054618424184,-13.2610087190053,"Occipital/Temporal","79"
"20R522",6.01413062043344,-16.5616793144689,"Occipital/Temporal","79"
"20R523",9.67708567643361,-20.6771624254676,"Occipital/Temporal","xq"
"20R524",4.52963891115123,-21.0952104240976,"Occipital/Temporal","xq"
"20R525",7.54631685746414,-7.19010784427578,"Temporal","79"
"20R526",8.13206436729169,-6.40197237110513,"Cingulate gyrus","79"
"20R527",9.24694079956372,-2.50750371828658,"Cingulate gyrus","79"
"20R528",5.85344370756512,-16.2017255267167,"Occipital/Temporal","79"
"20R529",9.98017544637641,-14.698568817366,"Temporal","79"
"20R530",8.23805188571863,8.78879520545514,"Orbitomedial Prefrontal Cortex (OMPFC)","67"
"20R531",5.12721593896356,-4.4188967472306,"Operculum/Insula","67"
"20R532",12.2067535956985,6.97534117671082,"Subcortical","67"
"20R533",8.75290114167396,-0.900813901108903,"Cingulate gyrus","67"
"20R534",5.51603837252439,-15.2398285699679,"Occipital/Temporal","67"
"20R535",10.4526897415233,6.98814067515473,"Orbitomedial Prefrontal Cortex (OMPFC)","67"
"20R536",6.58428190416798,-7.21993180054432,"Frontal (agranular frontal motor areas)","67"
"20R537",8.2344489216698,-0.318813717061632,"Frontal (agranular frontal motor areas)","67"
"20R538",10.4087170375854,-1.65221368448987,"Frontal (agranular frontal motor areas)","67"
"20R539",8.95558317048655,-2.46961305088411,"Frontal (agranular frontal motor areas)","67"
"20R540",8.09861013862388,-5.47324884683932,"Frontal (agranular frontal motor areas)","67"
"20R611",18.8423169209645,3.57687473629813,"Orbitomedial Prefrontal Cortex (OMPFC)","xq"
"20R612",17.7752470550061,-0.708487842310797,"Lateral Prefrontal Cortex","xq"
"20R613",17.7049341504863,23.3296250025896,"Orbitomedial Prefrontal Cortex (OMPFC)","34"
"20R614",18.543359558905,23.9056684591997,"Lateral Prefrontal Cortex","34"
"20R615",12.9592739476956,-24.572013102826,"Occipital/Temporal","34"
"20R616",16.042309468278,-15.1144258259215,"Occipital/Temporal","xq"
"20R617",13.6963642893338,-20.7753738197351,"Occipital/Temporal","xq"
"20R618",12.8321154500727,-22.7780427793994,"Occipital/Temporal","xq"
"20R619",17.015057245691,24.7970771363547,"Temporal","34"
"20R620",18.5890487739615,27.1937939066483,"Temporal","34"
"20R621",14.871444719863,22.3818479261491,"Temporal","34"
"20R622",14.7806690778532,-16.2544722937473,"Occipital/Temporal","xq"
"20R623",16.4364802044741,20.6103276581839,"Orbitomedial Prefrontal Cortex (OMPFC)","34"
"20R624",18.4751636741233,21.6914614617756,"Lateral Prefrontal Cortex","34"
"20R625",15.7973465844929,5.24461130910774,"Occipital/Temporal","34"
"20R626",10.3097684449532,-18.6631919698257,"Occipital/Temporal","92"
"20R627",18.1945198897673,4.35999385568965,"Orbitomedial Prefrontal Cortex (OMPFC)","92"
"20R628",17.3506129396458,-0.220542955061914,"Lateral Prefrontal Cortex","92"
"20R629",15.6375166202754,-2.70855054339737,"Lateral Prefrontal Cortex","92"
"20R630",12.6946140969095,-13.9048328005173,"Occipital/Temporal","92"
"20R631",12.0262713847497,-19.7302942315538,"Occipital/Temporal","92"
"20R632",18.1889061913012,-15.8787169109919,"Subcortical","92"
"20R633",17.714558180392,-19.5022204785721,"Subcortical","92"
"20R634",16.3673311100743,-18.551501848558,"Subcortical","92"
"20R635",16.3963597370393,-20.8990347236392,"Subcortical","92"
"20R636",19.1991783710086,10.960596722984,"Frontal (agranular frontal motor areas)","34"
"20R637",17.1507326756232,6.17881174549105,"Frontal (agranular frontal motor areas)","34"
"20R638",15.6553470743424,-1.50015519245422,"Frontal (agranular frontal motor areas)","34"
"20R639",13.709684714627,0.14055114338632,"Parietal, and Parieto-occipital region","34"
"20R640",16.3704508513756,-19.1611048694992,"Parietal, and Parieto-occipital region","xq"
"20R641",15.9406554194054,-13.2958984179252,"Frontal (agranular frontal motor areas)","xq"
"20R642",14.2365458341643,-12.0057638758203,"Operculum/Insula","xq"
"qbt-L-10o_BRRL200004689-1A",-48.4335560250013,5.17772555305199,"Lateral Prefrontal Cortex","qbt"
"qbt-L-46d_BRRL200004690-1A",-48.0064350684458,6.42982264284552,"Lateral Prefrontal Cortex","qbt"
"xz-L-10m-10o_BRRL200004691-1A",-41.7045196215221,10.8016322303027,"Orbitomedial Prefrontal Cortex (OMPFC)","xz"
"xz-L-10m_BRRL200004692-1A",-47.2665943030073,7.86891372737384,"Orbitomedial Prefrontal Cortex (OMPFC)","xz"
"xz-L-10o_BRRL200004693-1A",-48.1821204394358,8.80042978005914,"Lateral Prefrontal Cortex","xz"
"xz-L-11m_BRRL200004694-1A",-49.5452589151359,7.10295142578083,"Orbitomedial Prefrontal Cortex (OMPFC)","xz"
"xz-L-11l_BRRL200004695-1A",-46.8197929594985,6.37891735453195,"Orbitomedial Prefrontal Cortex (OMPFC)","xz"
"xz-R-10o_BRRL200004706-1A",-58.6496490959462,3.30276565069695,"Lateral Prefrontal Cortex","xz"
"xz-R-11l_BRRL200004707-1A",-61.6305894602554,0.0669395631396045,"Orbitomedial Prefrontal Cortex (OMPFC)","xz"
"qbt-R-F2_BRRL200004708-1A",-55.9790473266637,-2.73827274838207,"Frontal (agranular frontal motor areas)","qbt"
"xz-L-Prco_BRRL200006258-1A",-48.3683293138935,6.09698111900329,"Operculum/Insula","xz"
"xz-L-Ial_BRRL200004697-1A",-44.4874231719778,7.584713302513,"Operculum/Insula","xz"
"xz-R-F4_BRRL200004709-1A",-59.4023374987484,-5.54496845921474,"Frontal (agranular frontal motor areas)","xz"
"xz-R-G_BRRL200004710-1A",-66.4913627096758,0.746491215286971,"Operculum/Insula","xz"
"xz-R-Ial_BRRL200004711-1A",-49.2118768060135,11.2347286143005,"Operculum/Insula","xz"
"xz-R-24b_BRRL200004712-1A",-46.2751099897764,8.10835841108966,"Cingulate gyrus","xz"
"xz-R-24c_BRRL200004713-1A",-47.3380609306784,-5.43134923954092,"Cingulate gyrus","xz"
"xz-L-Ig_BRRL200004699-1A",-50.9767195186396,2.09344841704412,"Operculum/Insula","xz"
"xz-L-Id_BRRL200004700-1A",-50.2739152855104,1.83116986918269,"Operculum/Insula","xz"
"xz-L-RM_BRRL200004701-1A",-49.5808854827881,5.732226987724,"Temporal","xz"
"xz-L-AL_BRRL200004702-1A",-48.7529884353095,0.0553393719941834,"Temporal","xz"
"xz-L-TPO_BRRL200004703-1A",-56.6586566718041,2.25605782422921,"Temporal","xz"
"xz-L-PGa_BRRL200004704-1A",-61.4979559581298,1.31941210874731,"Temporal","xz"
"qbt-L-LIpd_BRRL200004705-1A",-57.9508263976835,-6.08143998273581,"Parietal, and Parieto-occipital region","qbt"
"qbt-R-3a-b-7-27_BRRL200004714-1A",-48.9581324304088,-9.14797390210866,"Parietal, and Parieto-occipital region","qbt"
"xz-R-F1-7-28_BRRL200004923-1A",-46.7508413564428,-9.2417134515447,"Frontal (agranular frontal motor areas)","xz"
"xz-R-3a-b-7-28_BRRL200004924-1A",-48.7300898471149,-7.43180819061312,"Parietal, and Parieto-occipital region","xz"
"xz-R-1-2-7-28_BRRL200004925-1A",-53.7794115427894,-6.87385756264756,"Parietal, and Parieto-occipital region","xz"
"xz-R-SII-7-28_BRRL200004926-1A",-49.0636681808003,-2.48937593764637,"Operculum/Insula","xz"
"xz-R-Ig-7-28_BRRL200004927-1A",-51.3196444751431,-2.97628292143674,"Operculum/Insula","xz"
"xz-R-Id-7-28_BRRL200004928-1A",-50.4261235724794,2.79247729359359,"Operculum/Insula","xz"
"xz-R-RM-7-28_BRRL200004929-1A",-51.7114077774398,7.23194727129241,"Temporal","xz"
"xz-R-R-7-28_BRRL200004930-1A",-45.9013378489871,5.62502037995343,"Temporal","xz"
"xz-R-TAa-7-28_BRRL200004931-1A",-49.9284462822113,-1.47469630456941,"Temporal","xz"
"xz-R-TPO-7-28_BRRL200004932-1A",-52.0344479157636,-0.566440211031625,"Temporal","xz"
"xz-R-PGa-7-28_BRRL200004933-1A",-47.4153525090646,-0.989911555707448,"Temporal","xz"
"xz-R-Ipa-7-28_BRRL200004934-1A",-48.5225391144659,-0.0492042666148378,"Temporal","xz"
"xz-R-TEa-7-28_BRRL200004935-1A",-51.2192248079783,-2.43810631259098,"Temporal","xz"
"xz-R-TEm-7-28_BRRL200004936-1A",-45.6792049601957,3.58804722828286,"Temporal","xz"
"xz-R-24a-7-28_BRRL200004937-1A",-45.6961079505027,-1.02732000016828,"Cingulate gyrus","xz"
"qbt-R-VIP-7-29_BRRL200004938-1A",-46.4163284780228,-10.569751240844,"Parietal, and Parieto-occipital region","qbt"
"qbt-R-LIpd-7-29_BRRL200004939-1A",-47.0419895996457,-6.15730057260985,"Parietal, and Parieto-occipital region","qbt"
"qbt-R-7a-7-29_BRRL200004940-1A",-43.9470223383753,-0.975188315434925,"Parietal, and Parieto-occipital region","qbt"
"qbt-R-MST-7-29_BRRL200004941-1A",-47.2126935588105,-8.85727748415459,"Occipital/Temporal","qbt"
"qbt-R-MT-7-29_BRRL200004942-1A",-44.4683046407605,-9.37332779001044,"Occipital/Temporal","qbt"
"qbt-R-FST-7-29_BRRL200004943-1A",-44.6177885120829,-10.6976556703553,"Occipital/Temporal","qbt"
"qbt-R-V4v-7-29_BRRL200004944-1A",-44.0664360229373,-10.3730700403109,"Occipital/Temporal","qbt"
"qbt-R-V3v-7-29_BRRL200004945-1A",-47.2397004330363,-0.632267696100482,"Occipital/Temporal","qbt"
"qbt-R-V2-7-29_BRRL200004946-1A",-42.3700555784822,7.9171380989865,"Occipital/Temporal","qbt"
"xz-R-7m-7-30_BRRL200004947-1A",-48.96430587495,1.96292708967448,"Parietal, and Parieto-occipital region","xz"
"xz-R-VIP-7-30_BRRL200004948-1A",-50.109131602165,-10.3697317440048,"Parietal, and Parieto-occipital region","xz"
"xz-R-LIpd-7-30_BRRL200004949-1A",-47.5794588104966,-5.38131449541521,"Parietal, and Parieto-occipital region","xz"
"xz-R-LIpv-7-30_BRRL200004950-1A",-46.3326304578127,-8.72021004222564,"Parietal, and Parieto-occipital region","xz"
"xz-R-7a-7-30_BRRL200004951-1A",-50.5191858566809,-0.719693556692514,"Parietal, and Parieto-occipital region","xz"
"xz-R-MST-7-30_BRRL200004952-1A",-48.4341266732907,-11.2041649793017,"Occipital/Temporal","xz"
"xz-R-V2-7-30_BRRL200004953-1A",-47.5385818645463,4.08188062451037,"Occipital/Temporal","xz"
"qbt-L-F3-8-2_BRRL200004954-1A",-43.4082131859842,-4.04732278406758,"Frontal (agranular frontal motor areas)","qbt"
"qbt-L-F2-8-2_BRRL200004955-1A",-42.1781000999016,-2.86515209661115,"Frontal (agranular frontal motor areas)","qbt"
"qbt-L-F1-8-2_BRRL200004956-1A",-43.4150612766818,-4.85426097390548,"Frontal (agranular frontal motor areas)","qbt"
"qbt-L-STGr-8-2_BRRL200004957-1A",-46.8765726680783,6.59508597789647,"Temporal","qbt"
"qbt-L-1-2-8-2_BRRL200004958-1A",-44.7639182962892,-0.965370493853808,"Parietal, and Parieto-occipital region","qbt"
"qbt-L-SII-8-2_BRRL200004959-1A",-47.470141891321,-5.25285859490557,"Operculum/Insula","qbt"
"xz-L-F1-8-2_BRRL200004960-1A",-45.5309146523091,-3.42345875634148,"Frontal (agranular frontal motor areas)","xz"
"xz-L-3a-b-8-2_BRRL200004961-1A",-46.0200302164467,-2.1342229842542,"Parietal, and Parieto-occipital region","xz"
"xz-L-1-2-8-2_BRRL200004962-1A",-46.0035017240949,5.41075324200585,"Parietal, and Parieto-occipital region","xz"
"xz-L-F2-8-2_BRRL200004964-1A",-46.1684709520063,-4.63851791953205,"Frontal (agranular frontal motor areas)","xz"
"qbt-L-Ig-8-10_BRRL200004965-1A",-49.0045269265222,-0.104387615629438,"Operculum/Insula","qbt"
"qbt-L-Id-8-10_BRRL200004966-1A",-48.1581672967696,5.08748451295363,"Operculum/Insula","qbt"
"qbt-L-pi-8-10_BRRL200004967-1A",-46.3107541782526,7.12822826775883,"Operculum/Insula","qbt"
"qbt-L-TEa-8-10_BRRL200004968-1A",-48.1509607844617,-6.35740550776018,"Temporal","qbt"
"qbt-L-TEad-8-11_BRRL200004969-1A",-48.5635584472632,-4.94986482769506,"Temporal","qbt"
"qbt-L-24c-8-11_BRRL200004971-1A",-45.7072655018708,0.547770928789199,"Cingulate gyrus","qbt"
"xz-L-24c-8-11_BRRL200004974-1A",-45.1572451626171,3.22910978620754,"Cingulate gyrus","xz"
"xz-L-9m-8-12_BRRL200004975-1A",-49.7352117123369,6.35266645267175,"Lateral Prefrontal Cortex","xz"
"xz-L-9d-8-12_BRRL200004976-1A",-49.2005156937542,4.99971063253689,"Lateral Prefrontal Cortex","xz"
"xz-L-46d-8-12_BRRL200004977-1A",-50.4292162674878,4.52404940810754,"Lateral Prefrontal Cortex","xz"
"xz-L-46v-8-12_BRRL200004978-1A",-46.5976056964102,3.0253984448569,"Lateral Prefrontal Cortex","xz"
"xz-L-12r-8-12_BRRL200004979-1A",-44.1241283729361,2.50976061784655,"Lateral Prefrontal Cortex","xz"
"xz-L-12m-8-12_BRRL200004980-1A",-46.3502656163577,6.14540745774089,"Orbitomedial Prefrontal Cortex (OMPFC)","xz"
"xz-L-13b-8-12_BRRL200004981-1A",-47.8300776547965,6.97214996577889,"Orbitomedial Prefrontal Cortex (OMPFC)","xz"
"xz-L-14r-8-12_BRRL200004982-1A",-45.4498289018885,10.748174579146,"Orbitomedial Prefrontal Cortex (OMPFC)","xz"
"xz-L-32-8-12_BRRL200004983-1A",-44.2803804149668,11.8842001581241,"Orbitomedial Prefrontal Cortex (OMPFC)","xz"
"xz-L-24c-8-12_BRRL200004984-1A",-45.6928057457171,10.3942703927189,"Cingulate gyrus","xz"
"qbt-L-9m-8-13_BRRL200004985-1A",-46.2577269540099,9.16839134249847,"Lateral Prefrontal Cortex","qbt"
"qbt-L-46v-8-13_BRRL200004986-1A",-46.8247557554082,-0.353936509329115,"Lateral Prefrontal Cortex","qbt"
"qbt-L-12r-8-13_BRRL200004987-1A",-40.2105126457576,5.39444423470339,"Lateral Prefrontal Cortex","qbt"
"qbt-L-12m-8-13_BRRL200004988-1A",-45.2842285446136,7.79282364200259,"Orbitomedial Prefrontal Cortex (OMPFC)","qbt"
"qbt-L-11m-8-13_BRRL200004989-1A",-45.6827698609686,5.59207676647951,"Orbitomedial Prefrontal Cortex (OMPFC)","qbt"
"qbt-L-11l-8-13_BRRL200004990-1A",-46.5571292120192,7.85290898819203,"Orbitomedial Prefrontal Cortex (OMPFC)","qbt"
"qbt-L-13b-8-13_BRRL200004991-1A",-44.7755529386801,4.88911351207073,"Orbitomedial Prefrontal Cortex (OMPFC)","qbt"
"qbt-L-10m-8-13_BRRL200004992-1A",-44.5850396911114,3.86412223448912,"Orbitomedial Prefrontal Cortex (OMPFC)","qbt"
"qbt-L-24c-8-13_BRRL200004993-1A",-42.0674970177613,11.4072528718296,"Cingulate gyrus","qbt"
"qbt-L-F5-8-14_BRRL200006259-1A",-47.3299045105181,-6.48065062000578,"Frontal (agranular frontal motor areas)","qbt"
"qbt-L-F4-8-14_BRRL200006260-1A",-48.592471257601,-0.850249324713342,"Frontal (agranular frontal motor areas)","qbt"
"qbt-L-Prco-8-14_BRRL200006261-1A",-47.3504053471682,6.74217973035847,"Operculum/Insula","qbt"
"qbt-L-G-8-14_BRRL200006262-1A",-51.3279822780424,-0.941874108334371,"Operculum/Insula","qbt"
"qbt-L-Ial-8-14_BRRL200006263-1A",-51.5716100563671,8.34508448735063,"Operculum/Insula","qbt"
"qbt-L-Iapm-8-14_BRRL200006264-1A",-49.1106209977851,7.25048438034041,"Operculum/Insula","qbt"
"xz-L-F4-8-17_BRRL200006266-1A",-48.1888387959991,0.868057287784003,"Frontal (agranular frontal motor areas)","xz"
"xz-L-G-8-17_BRRL200006267-1A",-51.9089594887282,3.7323140362457,"Operculum/Insula","xz"
"xz-L-Iapl-8-17_BRRL200006268-1A",-52.6071372695807,2.68974285785736,"Operculum/Insula","xz"
"xz-L-Iapm-8-17_BRRL200006269-1A",-53.9921971724349,0.872210682285242,"Operculum/Insula","xz"
"qbt-R-9d-8-18_BRRL200006271-1A",-49.8740370670907,8.77716062599897,"Lateral Prefrontal Cortex","qbt"
"qbt-R-46d-8-18_BRRL200006272-1A",-52.5738993805198,-2.02004587798896,"Lateral Prefrontal Cortex","qbt"
"qbt-R-46v-8-18_BRRL200006273-1A",-51.1110307069176,5.15413636524725,"Lateral Prefrontal Cortex","qbt"
"qbt-R-F4-8-19_BRRL200006274-1A",-51.4076796269046,-5.1485073861009,"Frontal (agranular frontal motor areas)","qbt"
"qbt-R-Prco-8-19_BRRL200006275-1A",-49.6142524159642,-1.86743262218423,"Operculum/Insula","qbt"
"qbt-R-G-8-19_BRRL200006276-1A",-49.9666268204403,0.982528655695197,"Operculum/Insula","qbt"
"qbt-R-Iapl-8-19_BRRL200006277-1A",-51.1385621987121,2.56082230489429,"Operculum/Insula","qbt"
"xz-R-F6-8-20_BRRL200006279-1A",-48.3372454938407,-0.841554720294894,"Frontal (agranular frontal motor areas)","xz"
"xz-R-F7-8-20_BRRL200006280-1A",-52.6920682724175,-2.5956158810784,"Frontal (agranular frontal motor areas)","xz"
"xz-R-8Bd-8-20_BRRL200006281-1A",-52.0846152964324,-3.3750289208719,"Lateral Prefrontal Cortex","xz"
"xz-R-8Bs-8-20_BRRL200006282-1A",-50.2492249371515,-2.65305131302605,"Lateral Prefrontal Cortex","xz"
"xz-R-8A-8-20_BRRL200006283-1A",-52.5380604318095,-1.99569047000321,"Lateral Prefrontal Cortex","xz"
"xz-R-46d-8-20_BRRL200006284-1A",-51.2479375596679,-0.671796828886103,"Lateral Prefrontal Cortex","xz"
"xz-R-46v-8-20_BRRL200006285-1A",-53.3864262347574,-4.12367275339556,"Lateral Prefrontal Cortex","xz"
"xz-R-45-8-20_BRRL200006286-1A",-53.6124575204503,-2.69449310711399,"Lateral Prefrontal Cortex","xz"
"xz-R-14c-8-20_BRRL200006287-1A",-50.1418464864474,6.06132249284724,"Orbitomedial Prefrontal Cortex (OMPFC)","xz"
"qbt-L-5-8-24_BRRL200007485-1A",-47.4600346690844,-0.752545007925563,"Parietal, and Parieto-occipital region","qbt"
"qbt-L-7b-8-24_BRRL200007486-1A",-48.9538849126545,1.60143221249115,"Parietal, and Parieto-occipital region","qbt"
"qbt-L-7op-8-24_BRRL200007487-1A",-50.3945190606832,-8.35655217193422,"Parietal, and Parieto-occipital region","qbt"
"qbt-L-AI-8-24_BRRL200007488-1A",-49.5729326246587,-9.40140213857776,"Temporal","qbt"
"qbt-L-CL-8-24_BRRL200007489-1A",-48.0474957410801,-4.7202518837718,"Temporal","qbt"
"qbt-L-TPO-8-24_BRRL200007490-1A",-49.7913283824333,-0.837350111602289,"Temporal","qbt"
"qbt-L-PGa-8-24_BRRL200007491-1A",-51.5230909592574,-4.28926027939795,"Temporal","qbt"
"qbt-L-IPa-8-24_BRRL200007492-1A",-49.0979976418994,-8.92188349887554,"Temporal","qbt"
"xz-L-5-8-25_BRRL200007494-1A",-47.6072585631787,-1.27966635925393,"Parietal, and Parieto-occipital region","xz"
"xz-L-VIP-8-25_BRRL200007847-1A",-52.2613546534938,-8.05686863354418,"Parietal, and Parieto-occipital region","xz"
"xz-L-LIdv-8-25_BRRL200007541-1A",-50.9840309154234,-6.38647767183971,"Parietal, and Parieto-occipital region","xz"
"xz-L-7b-8-25_BRRL200007542-1A",-50.1811722160648,2.70612066244668,"Parietal, and Parieto-occipital region","xz"
"xz-L-7op-8-25_BRRL200007543-1A",-49.0358584569647,-2.04010132873806,"Parietal, and Parieto-occipital region","xz"
"xz-L-CM-8-25_BRRL200007544-1A",-52.7739432761145,-8.27983593140215,"Temporal","xz"
"xz-L-AI-8-25_BRRL200007545-1A",-53.5804912538269,-6.43102667297152,"Temporal","xz"
"xz-L-CL-8-25_BRRL200007546-1A",-53.3769026457714,-8.22891495510026,"Temporal","xz"
"xz-L-TEa-8-25_BRRL200007547-1A",-50.766161244845,-10.5762932256246,"Temporal","xz"
"xz-L-TEo-8-25_BRRL200007548-1A",-50.64770811385,-10.6162482353614,"Temporal","xz"
"xz-L-TEpv-8-25_BRRL200007549-1A",-46.7001638893096,6.53316903193107,"Temporal","xz"
"xz-L-TFO-8-25_BRRL200007550-1A",-49.2668962776734,8.12998094259464,"Temporal","xz"
"xz-R-Pi-8-26_BRRL200007553-1A",-47.5673785765807,9.78400646338833,"Operculum/Insula","xz"
"xz-R-AL-8-26_BRRL200007554-1A",-51.243701088705,3.28225011521718,"Temporal","xz"
"xz-R-STGr-8-26_BRRL200007555-1A",-50.230591020539,2.77190191053613,"Temporal","xz"
"xz-R-TEad-8-26_BRRL200007556-1A",-50.6908285614085,1.59459970737761,"Temporal","xz"
"qbt-L-VIP-8-27_BRRL200007560-1A",-50.121375936219,-6.3066299297506,"Parietal, and Parieto-occipital region","qbt"
"qbt-L-LIpv-8-27_BRRL200007561-1A",-50.3574017737324,-10.0312056996246,"Parietal, and Parieto-occipital region","qbt"
"qbt-L-LIpd-8-27_BRRL200007562-1A",-51.9319047828927,-8.37295099033549,"Parietal, and Parieto-occipital region","qbt"
"qbt-L-7a-8-27_BRRL200007563-1A",-50.2720060119016,2.45928272625914,"Parietal, and Parieto-occipital region","qbt"
"qbt-L-TPt-8-27_BRRL200007926-1A",-54.4477102837711,-4.12989484092761,"Temporal","qbt"
"qbt-L-MST-8-27_BRRL200007927-1A",-55.5533282892696,-9.83842347376933,"Occipital/Temporal","qbt"
"qbt-L-FST-8-27_BRRL200007928-1A",-53.8198674198009,-8.28304369904693,"Occipital/Temporal","qbt"
"qbt-L-V4-8-27_BRRL200007929-1A",-53.3049448718638,-6.51538243777871,"Occipital/Temporal","qbt"
"qbt-L-F7-8-31_BRRL200008124-1A",-46.5747126616128,1.43488502363001,"Frontal (agranular frontal motor areas)","qbt"
"qbt-L-8Bd-8-31_BRRL200008125-1A",-46.5379978319079,-0.280193937610208,"Lateral Prefrontal Cortex","qbt"
"qbt-L-8Bs-8-31_BRRL200008126-1A",-46.1080745541182,5.03796585370382,"Lateral Prefrontal Cortex","qbt"
"qbt-L-8A-8-31_BRRL200008127-1A",-48.8935445127623,-0.710234144066237,"Lateral Prefrontal Cortex","qbt"
"qbt-L-45-8-31_BRRL200008128-1A",-49.2594012480501,1.96628742658419,"Lateral Prefrontal Cortex","qbt"
"qbt-L-12o-8-31_BRRL200008129-1A",-47.9156702764895,5.44707935024022,"Orbitomedial Prefrontal Cortex (OMPFC)","qbt"
"qbt-L-13l-8-31_BRRL200008130-1A",-50.2613065666576,5.07360376143558,"Orbitomedial Prefrontal Cortex (OMPFC)","qbt"
"qbt-L-13m-8-31_BRRL200008131-1A",-46.9663157987081,6.73375367157378,"Orbitomedial Prefrontal Cortex (OMPFC)","qbt"
"qbt-L-14c-8-31_BRRL200008132-1A",-48.1243657056245,7.44406550786154,"Orbitomedial Prefrontal Cortex (OMPFC)","qbt"
"qbt-L-32-8-31_BRRL200008305-1A",-49.318422814294,2.4840801724885,"Orbitomedial Prefrontal Cortex (OMPFC)","qbt"
"xz-L-F6-9-1_BRRL200008306-1A",-52.1971222970912,0.296685797549522,"Frontal (agranular frontal motor areas)","xz"
"xz-L-F7-9-1_BRRL200008307-1A",-53.5455466339455,4.77896917780787,"Frontal (agranular frontal motor areas)","xz"
"xz-L-8Bd-9-1_BRRL200008308-1A",-51.7598555059526,0.46940644442085,"Lateral Prefrontal Cortex","xz"
"xz-L-8Bs-9-1_BRRL200008309-1A",-53.1549479653501,-0.900604864568951,"Lateral Prefrontal Cortex","xz"
"xz-L-8A-9-1_BRRL200008310-1A",-51.7425921772808,1.93214341543109,"Lateral Prefrontal Cortex","xz"
"xz-L-45-9-1_BRRL200008311-1A",-49.8512243059899,3.92037640275925,"Lateral Prefrontal Cortex","xz"
"xz-L-12o-9-1_BRRL200008312-1A",-51.2424333881014,12.9920266071576,"Orbitomedial Prefrontal Cortex (OMPFC)","xz"
"xz-L-13l-9-1_BRRL200008313-1A",-50.5743429514892,9.82619307803202,"Orbitomedial Prefrontal Cortex (OMPFC)","xz"
"xz-L-13m-9-1_BRRL200008314-1A",-47.6598050225855,6.47301292237527,"Orbitomedial Prefrontal Cortex (OMPFC)","xz"
"xz-L-14c-9-1_BRRL200008315-1A",-50.7704869769589,10.205231881696,"Orbitomedial Prefrontal Cortex (OMPFC)","xz"
"qbt-R-SII-9-2_BRRL200008316-1A",-50.7255556443539,-8.07176237442054,"Operculum/Insula","qbt"
"qbt-R-R-9-2_BRRL200008317-1A",-51.2865401829555,-3.6473846246605,"Temporal","qbt"
"qbt-R-PGa-9-2_BRRL200008318-1A",-49.6723069069999,0.112188416497754,"Temporal","qbt"
"qbt-R-TEm-9-2_BRRL200008319-1A",-49.8083024712695,1.97159928604593,"Temporal","qbt"
"qbt-R-TEav-9-3_BRRL200008320-1A",-52.9911682122379,-3.21640138674512,"Temporal","qbt"
"xz-R-TEav-9-3_BRRL200008321-1A",-49.5380349287385,-1.38669366282966,"Temporal","xz"
"xz-R-24c-9-3_BRRL200008323-1A",-49.9712198020866,1.05389302046156,"Cingulate gyrus","xz"
